/*
Navicat MySQL Data Transfer

Source Server         : 本地
Source Server Version : 50621
Source Host           : localhost:3306
Source Database       : xudeceyifa_db

Target Server Type    : MYSQL
Target Server Version : 50621
File Encoding         : 65001

Date: 2020-01-18 16:51:04
*/

SET FOREIGN_KEY_CHECKS=0;

-- ----------------------------
-- Table structure for `admin_tb`
-- ----------------------------
DROP TABLE IF EXISTS `admin_tb`;
CREATE TABLE `admin_tb` (
  `admin_id` int(11) NOT NULL AUTO_INCREMENT COMMENT '管理员id',
  `name` varchar(255) DEFAULT NULL COMMENT '管理员姓名',
  `cell_phone` varchar(255) DEFAULT NULL COMMENT '手机号',
  `email` varchar(255) DEFAULT NULL COMMENT '邮箱',
  `password` varchar(255) DEFAULT NULL COMMENT '密码',
  `create_date` datetime DEFAULT NULL COMMENT '账号创建时间',
  `last_login_date` datetime DEFAULT NULL COMMENT '最新登录时间',
  PRIMARY KEY (`admin_id`)
) ENGINE=InnoDB AUTO_INCREMENT=1001 DEFAULT CHARSET=utf8 COMMENT='管理员表';

-- ----------------------------
-- Records of admin_tb
-- ----------------------------
INSERT INTO `admin_tb` VALUES ('1000', '聂跃', '15111336587', '278076304@qq.com', '11874bb6149dd45428da628c9766b252', '2017-01-13 15:43:22', '2020-01-18 15:19:48');

-- ----------------------------
-- Table structure for `answer_tb`
-- ----------------------------
DROP TABLE IF EXISTS `answer_tb`;
CREATE TABLE `answer_tb` (
  `answer_id` int(11) NOT NULL AUTO_INCREMENT COMMENT 'answeid',
  `name` varchar(255) DEFAULT NULL COMMENT '名称',
  `type` varchar(255) DEFAULT NULL COMMENT '类型',
  `img` varchar(255) DEFAULT NULL COMMENT '图片url',
  `result` longtext COMMENT '返回结果',
  `update_date` datetime DEFAULT NULL COMMENT '更新日期',
  `problem_id` int(11) DEFAULT NULL COMMENT '问题id外键',
  PRIMARY KEY (`answer_id`),
  KEY `idx_problem_id` (`problem_id`) USING BTREE,
  CONSTRAINT `FK_PROBLEM_ANSWER` FOREIGN KEY (`problem_id`) REFERENCES `problem_tb` (`problem_id`)
) ENGINE=InnoDB AUTO_INCREMENT=399 DEFAULT CHARSET=utf8 COMMENT='答案表';

-- ----------------------------
-- Records of answer_tb
-- ----------------------------
INSERT INTO `answer_tb` VALUES ('11', '终', '结果', '', '选择“终”的朋友：终是纠结、纠缠的开始，那结果会在冬天，可能这件事情会结束了，所以它的答案是“纠葛纷争、冬季结束”。', '2020-01-18 16:39:54', '6');
INSERT INTO `answer_tb` VALUES ('12', '于', '结果', '', '选择“于”的朋友：于这边是方，所以他的方向都很对，而且是两个人的方向都很对、两个人的方向都一致，所以答案是“二人同心、方向一致”，没有任何分手的迹象。', '2020-01-18 16:39:54', '6');
INSERT INTO `answer_tb` VALUES ('13', '再', '结果', '', '选择“再”的朋友：“再”的话有一个王字在这边，又暗藏了一个月在这里，所以目前是有口角，那口角渐渐的起来，就是没有办法很干脆的把他分开了，还会纠缠，所以我们看答案是“口角渐生、十一个月”，就是只能够再撑11个月，但是11个月后一样会分手就对了。', '2020-01-18 16:39:54', '6');
INSERT INTO `answer_tb` VALUES ('14', '会', '结果', '', '选择“會”的朋友：它是曾经的曾的结果，上面是合好的合的开始，然后就在今天，你会很生气的跟他憎，所以选到这个字它的答案是“曾经合好、今天憎别”，也就是现在就要分了。', '2020-01-18 16:39:54', '6');
INSERT INTO `answer_tb` VALUES ('15', 'A、青面獠牙、血淋淋的鬼脸。', '结果', '', 'A、选“青面獠牙、血淋淋的鬼脸”的朋友，如果你找不到情人是因为你的个性太恰北北，让大家望之却步：这类型的人个性直率有话直说，有男性化的特质，他认为两个人在一起有话就直说。', '2020-01-18 15:46:19', '7');
INSERT INTO `answer_tb` VALUES ('16', 'B、鬼头离身、鬼头满屋乱飞。', '结果', '', 'B、选“鬼头离身、鬼头满屋乱飞”的朋友，如果你找不到情人是因为你的长相身材太抢眼，追你的人会害怕：这类型的人外型抢眼人见人爱，因此仰慕者会认为对方条件这么好，自己会不会配不上或搞不定，即使追到手也没有安全感。', '2020-01-18 15:46:19', '7');
INSERT INTO `answer_tb` VALUES ('17', 'C、不现身，让桌椅乱动。', '结果', '', 'C、选“不现身，让桌椅乱动”的朋友，如果你找不到情人是因为你的诽闻传闻太多，让大家不敢追：这类型的人有神秘的特质，让人有谜样的感觉，所以他虽然很单纯，但是大家都不相信，常常会有莫名其妙的传言，久而久之大家就望之却步了。', '2020-01-18 15:46:19', '7');
INSERT INTO `answer_tb` VALUES ('18', 'D、尖声鬼叫，只有厉鬼叫声。', '结果', '', 'D、选“尖声鬼叫，只有厉鬼叫声”的朋友，如果你找不到情人是因为害怕受伤的你，变的很自闭，无法敞开心房：这类型的人说一套做一套，表面上说自己是恋爱专家很喜欢谈恋爱，不过真的要他谈恋爱的时候他又会望之却步，不感去敞开心房接受另外一个人，非常怕感情受伤害。', '2020-01-18 15:46:19', '7');
INSERT INTO `answer_tb` VALUES ('19', 'E、没有五官的白面死鬼脸。', '结果', '', 'E、选“没有五官的白面死鬼脸”的朋友，如果你找不到情人是因为你的个性太古怪，没有人想自找麻烦：这类型的人个性会按照这自己的感觉出牌，不按牌理出牌的情况下别人会认为他很古怪。', '2020-01-18 15:46:19', '7');
INSERT INTO `answer_tb` VALUES ('20', '不是', '跳转', '', '2', '2020-01-18 15:47:00', '8');
INSERT INTO `answer_tb` VALUES ('21', '是', '跳转', '', '3', '2020-01-18 15:47:00', '8');
INSERT INTO `answer_tb` VALUES ('22', '是的', '跳转', '', '3', '2020-01-18 15:47:00', '9');
INSERT INTO `answer_tb` VALUES ('23', '不是', '跳转', '', '4', '2020-01-18 15:47:00', '9');
INSERT INTO `answer_tb` VALUES ('24', '是的', '跳转', '', '4', '2020-01-18 15:47:00', '10');
INSERT INTO `answer_tb` VALUES ('25', '不是', '跳转', '', '5', '2020-01-18 15:47:00', '10');
INSERT INTO `answer_tb` VALUES ('26', '是的', '跳转', '', '5', '2020-01-18 15:47:00', '11');
INSERT INTO `answer_tb` VALUES ('27', '不是', '跳转', '', '6', '2020-01-18 15:47:00', '11');
INSERT INTO `answer_tb` VALUES ('28', '当做陌生人', '跳转', '', '7', '2020-01-18 15:47:00', '12');
INSERT INTO `answer_tb` VALUES ('29', '偶尔会联系', '跳转', '', '6', '2020-01-18 15:47:00', '12');
INSERT INTO `answer_tb` VALUES ('30', '不是', '跳转', '', '7', '2020-01-18 15:47:00', '13');
INSERT INTO `answer_tb` VALUES ('31', '是的', '跳转', '', '8', '2020-01-18 15:47:00', '13');
INSERT INTO `answer_tb` VALUES ('32', '自然景观', '跳转', '', '8', '2020-01-18 15:47:00', '14');
INSERT INTO `answer_tb` VALUES ('33', '人文风景', '跳转', '', '9', '2020-01-18 15:47:00', '14');
INSERT INTO `answer_tb` VALUES ('34', '是的', '跳转', '', '10', '2020-01-18 15:47:00', '15');
INSERT INTO `answer_tb` VALUES ('35', '不是', '跳转', '', '11', '2020-01-18 15:47:00', '15');
INSERT INTO `answer_tb` VALUES ('36', '是的', '跳转', '', '10', '2020-01-18 15:47:00', '16');
INSERT INTO `answer_tb` VALUES ('37', '不是', '结果', '', '上司。你是个很要强的人，凡事总想要高人一等，恨不得所有出风头的事情，都能让你去做，你确实很有能力，好多事情也都做的很妥帖，甚至可能会得到大老板的称赞。但是也正为此，你会很受顶头上司的忌讳，他觉得你这些表现都是想要取而代之，因此，他会想方设法地给你下绊子，以防止你抢走他的位置。', '2020-01-18 15:47:00', '16');
INSERT INTO `answer_tb` VALUES ('38', '不是', '跳转', '', '12', '2020-01-18 15:47:00', '17');
INSERT INTO `answer_tb` VALUES ('39', '是的', '跳转', '', '11', '2020-01-18 15:47:00', '17');
INSERT INTO `answer_tb` VALUES ('40', '不是', '跳转', '', '12', '2020-01-18 15:47:00', '18');
INSERT INTO `answer_tb` VALUES ('41', '是的', '结果', '', '朋友。你是个表面上待人很热情的人，刚接触你的人，会觉得你温文尔雅，且知道体谅别人。但是，时间长了，你自恋的一面就暴露无遗了，不光是和朋友在一起的时候表现得不太好，背后也没少指责朋友，时间长了，你的朋友可能会气不忿，而索性先给你下绊子。', '2020-01-18 15:47:00', '18');
INSERT INTO `answer_tb` VALUES ('42', '是的', '结果', '', '下属。你是个要求很严格的人，不管是精神上或者生活上，都是如此。精神上，你觉得别人都不如你有层次，生活中你更是可能被人认为有点小小的洁癖。有些完美主义的你，工作中也尽量十全十美，不光要求自己，对下属的工作，你也是如此，在不知不觉中，你会把你的下属得罪，时至年底，你很可能被下属下绊子。', '2020-01-18 15:47:00', '19');
INSERT INTO `answer_tb` VALUES ('43', '不是', '结果', '', '新同事。你习惯留着各种应用的东西，觉得上面都有自己熟悉的气息。对人，你也觉得是相处久了的人更好。有着怀旧情节的你，不知不觉就会对刚来的新同事有些疏离，虽然，对你来讲，你可能不过是习惯而已，但是却可能被新同事误会为敌意，本着先下手为强的原则，可能会先给你下绊子。', '2020-01-18 15:47:00', '19');
INSERT INTO `answer_tb` VALUES ('44', '白羊座', '结果', '', '错过星座：水瓶座 。面对着古灵精怪的水瓶座，大概白羊座的人是无法理解他们如同火星一般的思维吧。可是羊儿到底会觉得水瓶座的特殊思维，让他们的注意力并不是放在自己心上，从而产生一种介怀。然而事实上，水瓶座的人只是不擅长把爱情一直挂在嘴边罢了。两个人没有办法走到一起，大概也是命吧。', '2020-01-18 15:47:40', '20');
INSERT INTO `answer_tb` VALUES ('45', '金牛座', '结果', '', '错过星座：双子座。金牛座的人，是那种典型的想太多的人。他们想要真爱，也同时不忘记要物质也充裕。然而这个世界上精神与物质二者皆全的爱情实在是太少了，想要婚后不和为了物质争吵没有什么错，但是在面对对未来，对计划什么也不会想的双子座的爱情，大概金牛座最后的选择还是不会与之在一起的。', '2020-01-18 15:47:40', '20');
INSERT INTO `answer_tb` VALUES ('46', '双子座', '结果', '', '错过星座：摩羯座 。摩羯座的人重情重义，爱上了一个人，就会全心全意地去爱，而双子座常常因为年少轻狂和真爱擦身而过。双子座的人表面上总是装作不在乎的样子，这样的态度对实实在在，喜欢就是喜欢的摩羯座来说，是很无法接受的。伤了心的摩羯座最终走了，而双子座才发现，原来后悔也来不及了。', '2020-01-18 15:47:40', '20');
INSERT INTO `answer_tb` VALUES ('47', '巨蟹座', '结果', '', '错过星座：金牛座。巨蟹座的人的脆弱神经，常常敏感得无以复加。金牛座的人其实是很不错的，只是他们不善于把一些想法挂在口上。一旦有什么地方不悦了，大概也会忍，感情与喜欢也憋在心中不发。久而久之，巨蟹座的人会觉得，对方根本就没有把自己放在心上。于是巨蟹座的人会错失掉这份爱情。', '2020-01-18 15:47:40', '20');
INSERT INTO `answer_tb` VALUES ('48', '狮子座', '结果', '', '错过星座：射手座 。狮子座的人可别看什么都拿捏得住，事实上面对爱情，他们还是有几分忌惮。他们经常会因为怕失去自我而害怕太爱别人，于是狮子座越来越害怕付出。遇到了有什么就说什么，爱了就爱了的射手座时，狮子座的人就会变得止步不前了，因为他们在害怕，害怕太爱对方而把自我丢掉，最终也将错过对方。', '2020-01-18 15:47:40', '20');
INSERT INTO `answer_tb` VALUES ('49', '处女座', '结果', '', '错过星座：天蝎座。处女座人的精打细算，生活中一点一毫也要计算相当精细，爱情上的付出，未来的计划，也是要很细致地精确，否则，他们会觉得这种爱情是不靠谱的。然而当天蝎座的人爱上了处女座，他们是真心实意地爱，可是却往往会受不了他们的处处计较，尤其是当面指责天蝎的种种不是。天蝎会受不了的，哪怕再爱他，也会走掉。', '2020-01-18 15:47:40', '20');
INSERT INTO `answer_tb` VALUES ('50', '天秤座', '结果', '', '错过星座：巨蟹座。优雅的天秤们，一看就是招人喜欢的星座。然而正是因为太招人喜欢，所以他们反而搞不懂自己到底是不是真的喜欢对方。当面对了真的对他们好的巨蟹座，从骨子里想要给他们幸福的巨蟹座，天秤反而犹豫了。因为会思考着那到底是不是真爱。结果反而错失了真爱。', '2020-01-18 15:47:40', '20');
INSERT INTO `answer_tb` VALUES ('51', '天蝎座', '结果', '', '错过星座：天秤座。天蝎座的人之所以会给人一种神秘的感觉，搞不懂的感觉，是因为他们时时刻刻要保护好自己，所以才对任何人都保留着自己真实的一面。面对着包容心最强的天秤座，天蝎们也会不敞开心扉，然而天秤们却是真心实意地要对天蝎好，只是天蝎又把其当成了那种虚情假意的人，最后错过了天秤的爱情。', '2020-01-18 15:47:40', '20');
INSERT INTO `answer_tb` VALUES ('52', '射手座', '结果', '', '错过星座：处女座。感情细腻的处女座，爱一个人也是死心踏地的，恨不得把自己所知道的，全部都告诉射手，把自己的生活方式，也全部灌注在射手身上。然而射手到底是贪玩好运，最怕约束的。处女毫无保留的爱，常常让射手觉得对方只是一位家长。这样的真爱，注定不是射手座的人能承受得来的。', '2020-01-18 15:47:40', '20');
INSERT INTO `answer_tb` VALUES ('53', '摩羯座', '结果', '', '错过星座：双鱼座。大概双鱼会喜欢上摩羯，一定会是因为摩羯太踏实了吧。毫无安全感的鱼儿，会喜欢上摩羯的拼劲，不管是对事业工作还是对生活，他们都是努力地把自己的日子过好来。然而摩羯是不解风情的，面对十二星座中最有风情的双鱼，大概他们是无法理解并且感受到的。从而错过鱼儿对其的感情也是正常的事情。', '2020-01-18 15:47:40', '20');
INSERT INTO `answer_tb` VALUES ('54', '水瓶座', '结果', '', '错过星座：狮子座。水瓶座的人，是典型的口是心非的。狮子座的人遇到了可爱的水瓶座，大概会展开热烈的追求，因为狮子一向是冲劲十足的哦。然而水瓶座却遇到真爱反而会躲起来，逃避这段感情。因为他们不想因为这种真爱，让自己的内心担负太多。所以宁可跟次爱或者是不太爱的人在一起，平平淡淡地生活。', '2020-01-18 15:47:40', '20');
INSERT INTO `answer_tb` VALUES ('55', '双鱼座', '结果', '', '错过星座：白羊座。鱼儿跟羊儿，一个是在十二星座的开端，一个在十二星座的结束，二者之间充满了宿命的意味。然而性格的不同，羊儿注定容易喜欢上温柔的鱼儿，却也注定不懂得鱼儿需要什么，最爱什么，在伤感什么。羊儿直白热烈的爱情，在鱼儿面前什么都不是，因为鱼儿想要的浪漫，跟羊儿的表现是天壤之别，最终错过羊儿的爱，也是在情理之中了。', '2020-01-18 15:47:40', '20');
INSERT INTO `answer_tb` VALUES ('56', '是的', '跳转', '', '2', '2020-01-18 16:01:35', '21');
INSERT INTO `answer_tb` VALUES ('57', '不是', '跳转', '', '3', '2020-01-18 16:01:35', '21');
INSERT INTO `answer_tb` VALUES ('58', '还好', '跳转', '', '4', '2020-01-18 16:01:35', '21');
INSERT INTO `answer_tb` VALUES ('59', '是的', '跳转', '', '4', '2020-01-18 16:01:35', '22');
INSERT INTO `answer_tb` VALUES ('60', '不是', '跳转', '', '3', '2020-01-18 16:01:35', '22');
INSERT INTO `answer_tb` VALUES ('61', '不知道', '跳转', '', '5', '2020-01-18 16:01:35', '22');
INSERT INTO `answer_tb` VALUES ('62', '是的', '跳转', '', '4', '2020-01-18 16:01:35', '23');
INSERT INTO `answer_tb` VALUES ('63', '不是', '跳转', '', '5', '2020-01-18 16:01:35', '23');
INSERT INTO `answer_tb` VALUES ('64', '不知道', '跳转', '', '6', '2020-01-18 16:01:35', '23');
INSERT INTO `answer_tb` VALUES ('65', '是的', '跳转', '', '7', '2020-01-18 16:01:35', '24');
INSERT INTO `answer_tb` VALUES ('66', '不是', '跳转', '', '5', '2020-01-18 16:01:35', '24');
INSERT INTO `answer_tb` VALUES ('67', '不记得了，也许因为次数太少', '跳转', '', '6', '2020-01-18 16:01:35', '24');
INSERT INTO `answer_tb` VALUES ('68', '是的', '跳转', '', '8', '2020-01-18 16:01:35', '25');
INSERT INTO `answer_tb` VALUES ('69', '不是', '跳转', '', '6', '2020-01-18 16:01:35', '25');
INSERT INTO `answer_tb` VALUES ('70', '不知道', '跳转', '', '7', '2020-01-18 16:01:35', '25');
INSERT INTO `answer_tb` VALUES ('71', '是的', '跳转', '', '7', '2020-01-18 16:01:35', '26');
INSERT INTO `answer_tb` VALUES ('72', '不是', '跳转', '', '8', '2020-01-18 16:01:35', '26');
INSERT INTO `answer_tb` VALUES ('73', '还好', '结果', '', '要涨身价，你可以从肢体语言做起，有的时候一个眼神，一个手势，对别人都是一种诱惑。比如，改变撩头发的习惯，平时都是左边的头发用左手去撩，右边管右边，可以试着左手撩右边的头发，右边的头发交给左手，这样会产生你从未想到的效果哟！注意自己的举动，可以让你更有气质', '2020-01-18 16:01:35', '26');
INSERT INTO `answer_tb` VALUES ('74', '亲自写的日记本', '跳转', '', '9', '2020-01-18 16:01:35', '27');
INSERT INTO `answer_tb` VALUES ('75', '留下回忆的相册', '跳转', '', '8', '2020-01-18 16:01:35', '27');
INSERT INTO `answer_tb` VALUES ('76', '录满录音的笔', '跳转', '', '10', '2020-01-18 16:01:35', '27');
INSERT INTO `answer_tb` VALUES ('77', '是的', '结果', '', '要涨身价，你可以从肢体语言做起，有的时候一个眼神，一个手势，对别人都是一种诱惑。比如，改变撩头发的习惯，平时都是左边的头发用左手去撩，右边管右边，可以试着左手撩右边的头发，右边的头发交给左手，这样会产生你从未想到的效果哟！注意自己的举动，可以让你更有气质。', '2020-01-18 16:01:35', '28');
INSERT INTO `answer_tb` VALUES ('78', '不是', '结果', '', '要涨身价，可以从外形上下功夫，烫卷发会令人显得成熟，尤其是波浪大卷哟。把头发在脑后盘起来，稍微歪斜一些，然后把潘好的头发松散地整理一下，做出很自然的蓬松，这样的新造型可以赋予你一种独特的性感韵味哟。其实，重点不是换什么发型，只是让自己变得多变一点，给周围人带来新鲜感。', '2020-01-18 16:01:35', '28');
INSERT INTO `answer_tb` VALUES ('79', '不一定', '跳转', '', '9', '2020-01-18 16:01:35', '28');
INSERT INTO `answer_tb` VALUES ('80', '是的', '结果', '', '要涨身价，不妨从穿着上改变自己的形象，穿上剪裁完美的贴身牛仔裤，有明显的提臀和瘦腿的效果。牛仔裤本身带着的狂野、不羁、我行我素的味道，从中渗透着的淡淡的性感，不是每个人都抵挡的了的哟！这种洒脱的形象能让周围的人颠覆对你的看法，不再觉得你是个刻板的人。', '2020-01-18 16:01:35', '29');
INSERT INTO `answer_tb` VALUES ('81', '不是', '结果', '', '要涨身价，不妨在配饰上动点小脑筋，在性感部位佩戴首饰，可以衬托出身体的骨感和曲线哦！比如佩戴脚链，令脚踝显得更纤细；佩戴夸张地耳饰，可以使颈部显得更纤长；精致的项链佩戴在锁骨处，都可以明显提升回头率哟！注意细节问题，会让你显得更细腻，更精致，更吸引人。', '2020-01-18 16:01:35', '29');
INSERT INTO `answer_tb` VALUES ('82', '不一定', '结果', '', '要涨身价，你可以从肢体语言做起，有的时候一个眼神，一个手势，对别人都是一种诱惑。比如，改变撩头发的习惯，平时都是左边的头发用左手去撩，右边管右边，可以试着左手撩右边的头发，右边的头发交给左手，这样会产生你从未想到的效果哟！注意自己的举动，可以让你更有气质。', '2020-01-18 16:01:35', '29');
INSERT INTO `answer_tb` VALUES ('83', '是的', '结果', '', '要涨身价，不妨从穿着上改变自己的形象，穿上剪裁完美的贴身牛仔裤，有明显的提臀和瘦腿的效果。牛仔裤本身带着的狂野、不羁、我行我素的味道，从中渗透着的淡淡的性感，不是每个人都抵挡的了的哟！这种洒脱的形象能让周围的人颠覆对你的看法，不再觉得你是个刻板的人。', '2020-01-18 16:01:35', '30');
INSERT INTO `answer_tb` VALUES ('84', '不是', '结果', '', '要涨身价，不妨在配饰上动点小脑筋，在性感部位佩戴首饰，可以衬托出身体的骨感和曲线哦！比如佩戴脚链，令脚踝显得更纤细；佩戴夸张地耳饰，可以使颈部显得更纤长；精致的项链佩戴在锁骨处，都可以明显提升回头率哟！注意细节问题，会让你显得更细腻，更精致，更吸引人。', '2020-01-18 16:01:35', '30');
INSERT INTO `answer_tb` VALUES ('85', '不知道', '结果', '', '要涨身价，可以从外形上下功夫，烫卷发会令人显得成熟，尤其是波浪大卷哟。把头发在脑后盘起来，稍微歪斜一些，然后把潘好的头发松散地整理一下，做出很自然的蓬松，这样的新造型可以赋予你一种独特的性感韵味哟。其实，重点不是换什么发型，只是让自己变得多变一点，给周围人带来新鲜感。', '2020-01-18 16:01:35', '30');
INSERT INTO `answer_tb` VALUES ('86', '是的', '跳转', '', '2', '2020-01-18 16:02:56', '31');
INSERT INTO `answer_tb` VALUES ('87', '不是', '跳转', '', '3', '2020-01-18 16:02:56', '31');
INSERT INTO `answer_tb` VALUES ('88', '还好', '跳转', '', '4', '2020-01-18 16:02:56', '31');
INSERT INTO `answer_tb` VALUES ('89', '是的', '跳转', '', '3', '2020-01-18 16:02:56', '32');
INSERT INTO `answer_tb` VALUES ('90', '不是', '跳转', '', '4', '2020-01-18 16:02:56', '32');
INSERT INTO `answer_tb` VALUES ('91', '还好', '跳转', '', '5', '2020-01-18 16:02:56', '32');
INSERT INTO `answer_tb` VALUES ('92', '是的', '跳转', '', '4', '2020-01-18 16:02:56', '33');
INSERT INTO `answer_tb` VALUES ('93', '不是', '跳转', '', '5', '2020-01-18 16:02:56', '33');
INSERT INTO `answer_tb` VALUES ('94', '还好', '跳转', '', '6', '2020-01-18 16:02:56', '33');
INSERT INTO `answer_tb` VALUES ('95', '是的', '跳转', '', '5', '2020-01-18 16:02:56', '34');
INSERT INTO `answer_tb` VALUES ('96', '不是', '跳转', '', '6', '2020-01-18 16:02:56', '34');
INSERT INTO `answer_tb` VALUES ('97', '还好', '跳转', '', '7', '2020-01-18 16:02:56', '34');
INSERT INTO `answer_tb` VALUES ('98', '是的', '跳转', '', '6', '2020-01-18 16:02:56', '35');
INSERT INTO `answer_tb` VALUES ('99', '不会', '跳转', '', '7', '2020-01-18 16:02:56', '35');
INSERT INTO `answer_tb` VALUES ('100', '还好', '跳转', '', '8', '2020-01-18 16:02:56', '35');
INSERT INTO `answer_tb` VALUES ('101', '是的', '跳转', '', '7', '2020-01-18 16:02:56', '36');
INSERT INTO `answer_tb` VALUES ('102', '不是', '跳转', '', '8', '2020-01-18 16:02:56', '36');
INSERT INTO `answer_tb` VALUES ('103', '还好', '结果', '', '难接近指数为90%\n　　其实给陌生人的感觉你是挺难接近的，也许你不习惯和人一开始就保持亲近的距离，因为你觉得两个陌生的人没有话题说硬要找话题来说，本身就是一件非常别扭的事，所以你不喜欢和一个人强行的找话题来聊，通常都是别人跟你说一句话，你最多搭一句话，不会笑眯眯的把自己心里所想的一下子就讲出来，对陌生人会保持一种戒备的心理，因为你总觉得陌生的关系很难处理。', '2020-01-18 16:02:56', '36');
INSERT INTO `answer_tb` VALUES ('104', '是的', '跳转', '', '9', '2020-01-18 16:02:56', '37');
INSERT INTO `answer_tb` VALUES ('105', '不是', '跳转', '', '8', '2020-01-18 16:02:56', '37');
INSERT INTO `answer_tb` VALUES ('106', '还好', '跳转', '', '10', '2020-01-18 16:02:56', '37');
INSERT INTO `answer_tb` VALUES ('107', '是的', '跳转', '', '9', '2020-01-18 16:02:56', '38');
INSERT INTO `answer_tb` VALUES ('108', '不是', '结果', '', '难接近指数为90%\n　　其实给陌生人的感觉你是挺难接近的，也许你不习惯和人一开始就保持亲近的距离，因为你觉得两个陌生的人没有话题说硬要找话题来说，本身就是一件非常别扭的事，所以你不喜欢和一个人强行的找话题来聊，通常都是别人跟你说一句话，你最多搭一句话，不会笑眯眯的把自己心里所想的一下子就讲出来，对陌生人会保持一种戒备的心理，因为你总觉得陌生的关系很难处理。', '2020-01-18 16:02:56', '38');
INSERT INTO `answer_tb` VALUES ('109', '还好', '结果', '', '难接近指数为60%\n　　你给人一种不容易亲近的感觉，因为和陌生人相处的时候你总是会认为，凡事都要保持冷静，傲慢一点未必不好，不过不要傲慢过度就好了，如果陌生人对你很热情，你也不会好意思太冷淡，因为你觉得太冷淡，可能会给对方留下一种很糟糕的影响，倒也不在乎陌生人对你有什么看法，只不过你是觉得和陌生人相处，话太多也会让人嫌弃的，所以也不会太主动。', '2020-01-18 16:02:56', '38');
INSERT INTO `answer_tb` VALUES ('110', '是的', '结果', '', '难接近指数为40%\n　　你并不算特别难相处，除非是和那些看起来就比较冷漠的陌生人接触，你会也表现的低调高冷一些，但是和那些比较容易聊得来天的陌生人你也会侃侃而谈，尤其是对方聊到你喜欢的话题时，你会大方的把自己的见解发表出来，有时候在等车，或者是在特殊的场合中，为了打发时间，你会主动和陌生人聊天，只是比较介意自己和陌生人聊天的话题内容不会聊一些太私密的话题。', '2020-01-18 16:02:56', '39');
INSERT INTO `answer_tb` VALUES ('111', '不是', '结果', '', '难接近指数为10%\n　　你和陌生人接触，其实并不困难，陌生人也不会觉得你特别难亲近，虽然跟熟悉的朋友你会更放得开，可是如果跟朋友在一起聊天的话，你也许会聊到隐私的话题，然后和初次见面的人，你很能把握住那个程度，不会把不该说的话说出来，让别人觉得尴尬，因为你知道刚刚见面的两个人，如果话题聊得太开，也会让对方觉得不适应，所以自己能把握好尺度，又不给人一种难以亲近的感觉。', '2020-01-18 16:02:56', '39');
INSERT INTO `answer_tb` VALUES ('112', '还好', '结果', '', '难接近指数为90%\n　　其实给陌生人的感觉你是挺难接近的，也许你不习惯和人一开始就保持亲近的距离，因为你觉得两个陌生的人没有话题说硬要找话题来说，本身就是一件非常别扭的事，所以你不喜欢和一个人强行的找话题来聊，通常都是别人跟你说一句话，你最多搭一句话，不会笑眯眯的把自己心里所想的一下子就讲出来，对陌生人会保持一种戒备的心理，因为你总觉得陌生的关系很难处理。', '2020-01-18 16:02:56', '39');
INSERT INTO `answer_tb` VALUES ('113', '是的', '结果', '', '难接近指数为60%\n　　你给人一种不容易亲近的感觉，因为和陌生人相处的时候你总是会认为，凡事都要保持冷静，傲慢一点未必不好，不过不要傲慢过度就好了，如果陌生人对你很热情，你也不会好意思太冷淡，因为你觉得太冷淡，可能会给对方留下一种很糟糕的影响，倒也不在乎陌生人对你有什么看法，只不过你是觉得和陌生人相处，话太多也会让人嫌弃的，所以也不会太主动。', '2020-01-18 16:02:56', '40');
INSERT INTO `answer_tb` VALUES ('114', '不是', '结果', '', '难接近指数为40%\n　　你并不算特别难相处，除非是和那些看起来就比较冷漠的陌生人接触，你会也表现的低调高冷一些，但是和那些比较容易聊得来天的陌生人你也会侃侃而谈，尤其是对方聊到你喜欢的话题时，你会大方的把自己的见解发表出来，有时候在等车，或者是在特殊的场合中，为了打发时间，你会主动和陌生人聊天，只是比较介意自己和陌生人聊天的话题内容不会聊一些太私密的话题。', '2020-01-18 16:02:56', '40');
INSERT INTO `answer_tb` VALUES ('115', '还好', '结果', '', '难接近指数为10%\n　　你和陌生人接触，其实并不困难，陌生人也不会觉得你特别难亲近，虽然跟熟悉的朋友你会更放得开，可是如果跟朋友在一起聊天的话，你也许会聊到隐私的话题，然后和初次见面的人，你很能把握住那个程度，不会把不该说的话说出来，让别人觉得尴尬，因为你知道刚刚见面的两个人，如果话题聊得太开，也会让对方觉得不适应，所以自己能把握好尺度，又不给人一种难以亲近的感觉。', '2020-01-18 16:02:56', '40');
INSERT INTO `answer_tb` VALUES ('116', '接', '跳转', '', '2', '2020-01-18 16:38:19', '41');
INSERT INTO `answer_tb` VALUES ('117', '不接', '跳转', '', '3', '2020-01-18 16:38:19', '41');
INSERT INTO `answer_tb` VALUES ('118', '单人床', '跳转', '', '4', '2020-01-18 16:38:19', '42');
INSERT INTO `answer_tb` VALUES ('119', '双人床', '跳转', '', '3', '2020-01-18 16:38:19', '42');
INSERT INTO `answer_tb` VALUES ('120', 'Yes', '跳转', '', '4', '2020-01-18 16:38:19', '43');
INSERT INTO `answer_tb` VALUES ('121', 'No', '跳转', '', '5', '2020-01-18 16:38:19', '43');
INSERT INTO `answer_tb` VALUES ('122', 'Yes', '跳转', '', '6', '2020-01-18 16:38:19', '44');
INSERT INTO `answer_tb` VALUES ('123', 'No', '跳转', '', '5', '2020-01-18 16:38:20', '44');
INSERT INTO `answer_tb` VALUES ('124', '一个人去看的', '跳转', '', '6', '2020-01-18 16:38:20', '45');
INSERT INTO `answer_tb` VALUES ('125', '有别人陪着去看的', '跳转', '', '7', '2020-01-18 16:38:20', '45');
INSERT INTO `answer_tb` VALUES ('126', '默认铃声', '跳转', '', '7', '2020-01-18 16:38:20', '46');
INSERT INTO `answer_tb` VALUES ('127', '自己特别设定的铃声', '跳转', '', '8', '2020-01-18 16:38:20', '46');
INSERT INTO `answer_tb` VALUES ('128', '一个人呆着', '结果', '', '假面关键词：热情\n　　不了解你的人常常以为你乐观开朗，热情洋溢，是火红色的一只长毛狐狸。只有天天跟你住在一起的人才会了解到你的忧郁、冷静以及悲观的灵魂，俨然是一只雪白的兔子。那么你这样好静的兔子为什么会披上狐狸的外衣呢？追其究竟，那是你强烈的责任感和与生俱来的善良友好，催化你化身九尾火狐跳跃着，奔跑着，很多时候你甚至会觉得这身火狐狸皮让自己心头燥热。', '2020-01-18 16:38:20', '47');
INSERT INTO `answer_tb` VALUES ('129', '找人倾诉', '结果', '', '假面关键词：亲切\n　　你温柔舒缓的气质让人觉得亲切得像认识已久的老朋友，但是，事实上，你是个易接近却难了解的人，你并不喜欢把你自己的人生轻易吐露他人。亲切对你来说很多时候更像是一种心态和礼貌。换句话来说，你往往对陌生人才会施展出你的亲和力，就像是躲在床上装成祖母的老狼，只有你的至交好友才会了解你的古怪和疯狂。', '2020-01-18 16:38:20', '47');
INSERT INTO `answer_tb` VALUES ('130', '车', '结果', '', '假面关键词：冷漠\n　　你的不安造就了你的冷漠，其中最大的不安点是你由于对爱的渴望而产生的对爱的恐惧，你害怕别人喜欢上你，你害怕别人对你感兴趣。因此，你往往流露出冷漠而绝望的表情，让人以为你是穷困潦倒的过客，没有灵魂的废墟。而你的朋友甚至只要是跟你多走近一点的人都会了解，你其实是个非常浪漫有趣的家伙，心情好起来的时候就像天上璀璨的烟火。', '2020-01-18 16:38:20', '48');
INSERT INTO `answer_tb` VALUES ('131', '房', '结果', '', '假面关键词：物质\n　　你是一只很像乌龟的动物，很多很多人都会以为你爱钱，但实际上你比任何人都不在乎它。但物质对你来说又是不能缺少的一张假面，它替你保护了你柔软的同情心，让你能够追逐你的梦想。物质就像是你坚硬的壳，它帮你度过各种难关。而只有那个对你耐心肯花精力跟你一起的人才明白，打碎你的梦想才会要你的命。', '2020-01-18 16:38:20', '48');
INSERT INTO `answer_tb` VALUES ('139', '棕色动物头领带', '结果', '', '你的命中克星是水瓶座。水瓶座永远在追求属于自己独一无二的生活方式，这是他的生活态度。但他又会偏向顽固一面，有时令人捉摸不定。你是最讨厌刁钻古怪的人，同时你又有一颗八卦的心，越是难以琢磨的人，你越是想要去琢磨，搞的自己很累。', '2020-01-18 16:39:43', '53');
INSERT INTO `answer_tb` VALUES ('140', '纯藏蓝色领带', '结果', '', '你的命中克星是狮子座。你极易冲动，性格火爆，遇事很终于着急。你比较武断，办事不经大脑，说风就是雨。当你遇到狮子座的时候，对方会比你更加武断，更加霸道，你降不住狮子座，狮子座也不服气你。', '2020-01-18 16:39:43', '53');
INSERT INTO `answer_tb` VALUES ('141', '白底黑色数字涂鸦领带', '结果', '', '你的命中克星是天蝎座。天蝎座的人是记仇的，切忌得罪他，有朝一日必定报仇的。你却恰恰相反，当你跟天蝎座在一起的时候，你觉得有的话随便说说也就过了，吵一架，哪怕打一架的人，气头过了还是朋友，天蝎却会把你冒犯过他的情节记得清清楚楚。', '2020-01-18 16:39:43', '53');
INSERT INTO `answer_tb` VALUES ('142', '灰色人字呢领带', '结果', '', '你的命中克星是处女座。你毛毛躁躁，是个急性子，做什么事都是大大咧咧的，很少用耐心面对一件事情。兴趣爱好也都是三分钟热度。不拘小节让你显得很大气。而当你遇到处女座的时候，对方会吹毛求疵地挑剔你，你也会觉得对方很麻烦。', '2020-01-18 16:39:43', '53');
INSERT INTO `answer_tb` VALUES ('143', '黑底碎花领带', '结果', '', '你的命中克星是双鱼座。神经质、健忘、多愁善感、想像丰富、自欺欺人等等都是双鱼座的形像词，你则恰恰相反，凡事你以现实为重，你觉得虚头巴脑的东西都不值得去留念。遇上多愁善感的双鱼，你简直会崩溃。', '2020-01-18 16:39:43', '53');
INSERT INTO `answer_tb` VALUES ('144', '灰色腰果花领带', '结果', '', '你的命中克星是金牛座。你能言善辩，应变能力也很强。你最讨厌一根筋的人。金牛座就是那种固执的不撞南墙不回头的一群人。你以为自己有能力说服金牛座，但事实往往会告诉你，你的想法都是错误的。金牛的固执简直会令你感到头痛。', '2020-01-18 16:39:43', '53');
INSERT INTO `answer_tb` VALUES ('145', '白羊座', '结果', '', '白羊座\n    女性：早熟又容易迷恋的牡羊座女性，20岁前后的结婚运会上升。从一见钟情到热恋，然后闪电结婚，成为年轻的新娘。相反到了20岁后半至30岁的适婚期时，看男性的眼光变得严格挑剔，缘份也就淡薄了。30岁后会再出现命中注定的邂逅，看准是他，就会想结婚安定下来。\n    男性：一旦过了20岁前半的全盛期后，就会以事业为重。第二次的顶点是在33至35岁，因周围的人结婚而受刺激产生想成家的念头。所以容易闪电结婚。', '2020-01-18 16:39:32', '54');
INSERT INTO `answer_tb` VALUES ('146', '金牛座', '结果', '', '金牛座\n    女性：理性且重视常识的金牛座女性，既不会早婚也不会晚婚，比较集中在适婚年龄时结婚。而且在这个时期结婚，对抱持强烈结婚愿望的金牛座来说，也是最幸福的。以27~29岁为最高峰的话，大约在23~25岁就结婚的占了多数。 \n    男性：金牛座的男性在年轻时比较注重学业及事业。由于个性上比较慎重，所以考虑在30岁结婚的倾向较高。特别是在32~37岁时，以相亲决定婚姻的人也占多数。', '2020-01-18 16:39:32', '54');
INSERT INTO `answer_tb` VALUES ('147', '双子座', '结果', '', '双子座\n    女性：和男性相遇机率很高的双子座，可分为早婚派及晚婚派的人两种。早婚派的人则是与学生时期交往的男友，在一毕业就踏上红毯。而晚婚派的就是一边享受恋爱及单身贵族生活，大约在30岁前后时结婚。而在低潮期的25~37岁，能成功的缘份较少，运气也较差。如果这时期急着出嫁的话很易玩完。\n    男性：双子座的男性在出社会3~5年左右之后结婚愿望会上升。在30岁前后达到顶点，反而会认为单身较轻松，而婚姻太麻烦了。', '2020-01-18 16:39:32', '54');
INSERT INTO `answer_tb` VALUES ('148', '巨蟹座', '结果', '', '巨蟹座\n    女性：认为结婚才能拥有恋爱及性的巨蟹座，可以说是将人生目标放在拥有[温暖的家庭及可爱的子女之上。因此在20几岁结婚的人非常多，以23~26岁来看，巨蟹座的女性很多已成为太太了。进入30岁后结婚运下降，反而事业运上升。到了40岁之后，变得和婚姻更无缘，对婚姻的热中也冷却下来，其中更有抱有终身不嫁的念头。\n    男性：男性在25~27岁时强烈热衷结婚，恰巧也有机会遇见未来的另一半。过了它之后，就要再经过对事业及兴趣专注的另一个时期，在30岁后半才会再有旺盛的结婚运。', '2020-01-18 16:39:32', '54');
INSERT INTO `answer_tb` VALUES ('149', '狮子座', '结果', '', '狮子座\n女性：在十几岁恋爱经验就很丰富，热情的狮子座女座，在20岁前后会不断出现结婚征兆。之后到23~27岁时，反而重心放在休闲娱乐及事业上，结婚运也下降。到30岁前恋爱运才会再度升起，跟着来的便是结婚运。若抓住早婚或30前后的机会，成为富贵之主的机率就相当大。\n    男性：重视恋爱的狮子座，从年轻时就与许多女性恋爱。但总希望成为社会上成功人仕才决定结婚。下一次的机会则是在32~35岁左右，对象将是年轻女孩。', '2020-01-18 16:39:32', '54');
INSERT INTO `answer_tb` VALUES ('150', '处女座', '结果', '', '处女座\n女性：处女座的女性楚楚可怜又富女孩气息，在20岁前半被求婚的例子特别多，而在22~24岁时达到结婚运顶I。之后对男性的眼光变得严谨，运气下降。但有社会经验和几次恋爱后，33~36岁结婚运再度上升，由于是经过慎重的选择，幸福是必然的。\n    男性：非常挑剔的他在出社会三年以内不结婚的话，就必须苦守十年左右的王老伍生涯。在感到周围的压力时，才开始认真寻找对象，此时已是30好几了。', '2020-01-18 16:39:32', '54');
INSERT INTO `answer_tb` VALUES ('151', '天秤座', '结果', '', '天秤座\n女性：29岁以前全部笼罩在结婚运中，特别是在你本身的知性及常识已成熟的25岁前后，身分极高的对象向你求婚的机率很高，只是过了30岁后结婚运就开始下降，到了40岁运气更加不良。若想求得好婚姻，尽量在20几岁时完婚才是正确的。 \n    男性：重视恋爱胜于婚姻的他，要考虑婚姻问题时是在过30后，在完全游戏过人生之后到30几岁后半才会想安定成家的人很多，少数会因办公室恋情在25岁岁左右结婚。', '2020-01-18 16:39:32', '54');
INSERT INTO `answer_tb` VALUES ('152', '天蝎座', '结果', '', '天蝎座\n女性：不玩弄恋爱，更不受他人影响的天蝎座女性，并不注意适婚年龄，一旦遇到相爱的人，就接着步上红毯。运气较好时期，可分为20几岁前半及35岁前后。哪一期都是由恋爱直达婚姻。到了20几岁后半的结婚运不佳，此时切记稍安勿燥。 \n    男性：以自己的方式寻找对象，交往时间也很长。和学生时代的女友，则可能是在20几岁后半结婚。在心情上，以27~30岁，40岁前后较有成家的欲望。', '2020-01-18 16:39:32', '54');
INSERT INTO `answer_tb` VALUES ('153', '射手座', '结果', '', '射手座\n女性：属于早熟型，所有令人意外的结婚者较多。在22~24岁时迎接第一次的结婚运顶点。之后由于单身生活的充实，结婚运也下降。再度上升时，将是30岁前后及40岁，正是成熟魅力最高时期。因不断的出现诱惑，自然会遇见结婚的对象。 \n    男性：因为不在乎俗世看法，所以有早婚也有晚婚的。旺盛时的婚期是24~28岁及35岁前后。在30几岁前半只专在恋爱游戏，认为婚姻只是次要的东西。', '2020-01-18 16:39:32', '54');
INSERT INTO `answer_tb` VALUES ('154', '摩羯座', '结果', '', '摩羯座\n女性：摩羯座的女性，分成贤妻良母型和职业高手型两种。在25岁前后，有一次结婚运的顶点，在这时期贤妻良母型的女性，会决定结婚。另一种则在30几岁前半为止奠定事业基础后再慢慢考虑婚姻。而实际成家时已经快四十。 \n    男性：因强烈的责任感，导致摩羯座男性认为，在事业有成之后，才能考虑婚姻的想法。33~37岁时是运气的上升期。但也有少数派的人，在爱人的逼迫下，25岁前后就成家。', '2020-01-18 16:39:32', '54');
INSERT INTO `answer_tb` VALUES ('155', '水瓶座', '结果', '', '水瓶座 \n女性：22岁前后及30岁前是结婚运的上升期，不喜欢被束缚的水瓶座，若在此时出现有望的对象，将有可能顺利结婚。20几岁中间及30几岁初，对结婚抱有敬而远之的态度。即使是不愿结婚，其中也有先试婚之人。37~40岁运气再度上升。错过此次机会的人，就有可能一辈子单身了。 \n    男性：25岁前后永35岁前后结婚欲望上升。和学生时代的女友，在24~27岁有希望成家。20几岁后及40岁以后，兴趣将会转移，根本没有成家的念头。', '2020-01-18 16:39:32', '54');
INSERT INTO `answer_tb` VALUES ('156', '双鱼座', '结果', '', '双鱼座 \n女性：早在20~22岁时结婚运就上升。就算在这时期没有机会，等25~27岁时，再度有幸福的婚姻出现。可是若再没有保住机会，则运气下降了。以29岁为界限，缘份将会变得渺少。若想顺利结婚的话，28岁左右就需要做好决定，才是明智之举。 \n    男性：以结婚为梦想的双鱼座男性，属于早婚型。从23~30岁成家的例子很多。过了30岁之后，将视婚姻为麻烦。24岁及28岁为最高峰。', '2020-01-18 16:39:32', '54');
INSERT INTO `answer_tb` VALUES ('157', '白色', '结果', '', '白色\n    少女思春型，不爱长大，充满了单纯的幻想和小女孩的心思。\n    喜欢穿白色内衣，一定也有不少白色外套、裙装等来配。这样的形象肯定是让人尊敬疼爱的乖乖女了，有那么点洁癖，也很调皮。娇羞保守，等待人来爱的少女型。\n    适合白色内衣的星座：金牛座、处女座。', '2020-01-18 16:39:17', '55');
INSERT INTO `answer_tb` VALUES ('158', '黑色', '结果', '', '黑色\n性感内敛，深沉忧郁的类型。 \n    黑色通常给人神秘的感觉，自我的保护色彩相当浓厚，但往往是内心脆弱，但外表却装坚强，一旦被人攻破心防，就会像水库泄洪般的溃堤。\n    适合黑色内衣的星座：摩羯座、天蝎座。', '2020-01-18 16:39:17', '55');
INSERT INTO `answer_tb` VALUES ('159', '红色', '结果', '', '红色\n内心有股火一般的热情。\n    像西班牙女郎一样，拥有永远用不完的澎湃热情，冲、冲、冲堪称是她的生活哲学。喜欢这款颜色的女性相对个性冲动莽撞，发生倒追男人的机会高。 \n    适合红色内衣的星座：射手座、狮子座。', '2020-01-18 16:39:17', '55');
INSERT INTO `answer_tb` VALUES ('160', '黄色、绿色、蓝色', '结果', '', '黄色、绿色、蓝色\n宁静、自我，表面个性不突出，内心里缺乏安全感\n    这几种颜色的内衣，都比较亲切，会是那种很有眼光的人才敢去挑的花内衣。平时很亲切有点随潮流，喜欢时尚的新潮的东西，不会大悲大喜，会把内心的喜好掩藏起来。轻松随意，害怕寂寞和无聊。\n    适合这些颜色内衣的星座：白羊座、射手座、双子座、天秤座。', '2020-01-18 16:39:17', '55');
INSERT INTO `answer_tb` VALUES ('161', '紫色', '结果', '', '紫色\n高贵神秘，不爱太现实的事情\n    自认为自己是高尚的神秘女王，个性难搞，有点小变态，喜欢在别人面前装高贵、装气质。紫色可招贵人，缺乏贵人可多穿。感觉自己需要被疼爱，但为了面子无法主动求爱，建议用紫色来制造若隐若现的美感，勾引心上人。\n    适合紫色内衣的星座：巨蟹座、天蝎座。', '2020-01-18 16:39:17', '55');
INSERT INTO `answer_tb` VALUES ('162', '褐色、灰色或其他深色', '结果', '', '褐色、灰色或其他深色\n低调沉稳，没有野心\n    书卷气重，做事低调、悲观、温和，没有什么企图心，在团体中就像穿了隐形衫的隐形人般，是多数居家型女性最爱的颜色。渴望在家拥有自己空间的你，灰色可以让你有一种在家的感觉，不闻愠不火、不太嚣张的美感正适合你。\n    适合紫色内衣的星座：天秤座、双鱼座。', '2020-01-18 16:39:17', '55');
INSERT INTO `answer_tb` VALUES ('163', '各种颜色都有些', '结果', '', '各种颜色都有些\n多重性格，丰富内心\n    对各种颜色都不挑剔的人，肯定是个性格丰富或者本身很“花心”的人啦。要么就是有一副好身材，把自己当作是模特一般自恋的女人。爱好幻想、喜欢浪漫、追求美丽憧憬的女性，可能有严重的罗曼蒂克情结。', '2020-01-18 16:39:17', '55');
INSERT INTO `answer_tb` VALUES ('164', '不爱穿内衣', '结果', '', '不爱穿内衣\n豪放自我型 \n    那些不穿内衣物的女性不理会世俗人的眼光，能够铸到睥睨一切，一切以自己的喜好为依归。只要是她们认为喜欢/想做/舒服/对的事情，她们便会不顾一切的去做，旁人要在旁窃窃私语是他们的事情，对她们完全不会构成任何威协或顾虑。她们追求的只是自我，是放松。', '2020-01-18 16:39:17', '55');
INSERT INTO `answer_tb` VALUES ('165', '白羊座', '结果', '', '白羊座：所谓初生牛犊，大约就是你的样子。你天生好奇勇敢，热情而风趣，大胆而率直，只要是你喜欢的人，你更敢于直接热辣的表白心意；又岂会有机会单身？可是，作为火星的子民，你的勇气有时候容易越界变成侵略，你的率直有时一不小心就变成了自私任性。热情容易冷却是你另一个问题，开始总是分分钟都妙不可言，热情褪去后就有点倦，也因此爱情的花开了又谢，归宿却总难柳暗花明。 \n\n化解方法：若你愿意反思，你会发现原来你很少用别人的角度与立场考虑问题，这也是让彼此越来越难相处下去的重要原因！所以学会换位思考，是你必须学习的课程。衣着上宁静的蓝色系会中和你过于彪悍急躁的个性，一枚海蓝水晶的胸针高贵又醒目，绝对为你的品味加分。', '2020-01-18 16:07:57', '56');
INSERT INTO `answer_tb` VALUES ('166', '金牛座', '结果', '', '金牛座：来自黄道第二宫的你天生跟物质财富有关，你中意漫步云端，但你更需要的是稳定的踏实的现实的爱情。务实的态度决定了你的选择，你懂得最好最美最优雅最富丽最舒适的一切，但不承想，想永远留住温暖美丽富裕的态度会慢慢转变为固执、僵化与保守，而这则往往桎梏了你的视野。于是，被表象所迷惑的你，往往执迷不悔，对别人的改变无法接受，却不知道你的拒绝改变竟成为了对对方的一种压制？\n\n化解方法：钻进牛角尖，只有一叶障目，你的倔强和坚持有时候并非像你想象的那么重要，学会适当的弹性和柔软，当放下身段后，你才会发现云更淡风更轻，一朵花中也有整个世界。衣着上充满希望的绿色系会启发你多重角度看世界的方式，一串珍珠项链在提升气质的同时又给了你学习玲珑与圆转的启示。', '2020-01-18 16:07:57', '56');
INSERT INTO `answer_tb` VALUES ('167', '双子座', '结果', '', '双子座：作为十二星座里第一对双生子的结合体，你天生拥有善变的气质。造型百变，仪态万方，热情抑或冷凝，都只是你的某一侧面，捉摸不定的气息令人倾倒；你又身为风象星座之首，天生聪敏善出风头舌灿莲花，为此你的追求者总是多不胜数，很难想象你竟会单身。可是，你内心的孤绝和哀怨却往往不为人知，没有人知道你喧哗的外表下敏感的神经寂寞的心，于是，真正想要进入你内心的人其实少之又少，纵然有，却又敌不过你的贪玩好奇，毕竟花心的表象多少令人望而却步！\n\n化解方法：或者你很想剖开胸膛让人见证你内在的一颗红心，可是要知道，这世上只看皮毛下定论的人不在少数；所以学习矜持和抑制好奇实属必要，让知性超越八卦，你的魅力才能更加久远；衣着上沉静的银灰色系会中和喧闹的印象，一条缤纷色彩的水晶挂链则又体现出你的独到眼光。', '2020-01-18 16:07:57', '56');
INSERT INTO `answer_tb` VALUES ('168', '巨蟹座', '结果', '', '巨蟹座：水相星座里属你拥有最细腻敏感的情绪触觉，随着月缺月圆散发出你的独特魅力。你身来宜家宜室，温柔而善攻心计，天生懂得团结群众，关怀他人，毫不夸张地说，你绝对拥有春天般的温暖，不论外表多么彪悍粗犷，也有一颗柔软的恋家的心。作为男人首选的贤妻良母对象，照理说，你绝对不可能有机会单身，可为什么你却是？不得不说，你的问题在于将自己包裹得太紧，生来缺乏安全感，对爱人太过在乎的直接结果就是情绪化的怀疑敌对蔓延，对家庭的太过渴望，害怕自己梦想的幸福遭到威胁，却令你不敢大胆接纳，将一次歼灭战打成了八年抗战。\n\n化解方法：迂回与旁敲侧击语带双关是你的擅长，却不想有时候反而不如直截了当的沟通来得有效率，尝试着勇敢一点，大方坦诚的沟通，其实反而会让人真正触摸到你的内心。衣着上浪漫的柠檬黄其实会令你心情开朗，一个亮色的手袋也会让你更加出彩。', '2020-01-18 16:07:57', '56');
INSERT INTO `answer_tb` VALUES ('169', '狮子座', '结果', '', '狮子座：火相的第二个星座是太阳的子民，抛却了白羊的躁动，你立意展现出更加持久的光芒。为此你需要的是华丽丽的装扮身份以及他人虔诚的膜拜；你的热情、慷慨与高贵浑然天成，因此你总是吸引一干又一干的追求者心甘情愿拜倒在你的狮子裙下，又如何竟还在单身身份里徘徊？其实，你绝对不是传说中的那种过于骄傲认不清现实的傻妞，你从来只做对的选择，有时候甚至不惜冷酷无情，只是你过于自信与强干，让身边的人永远只是黯淡配角，可是是问，他们又岂肯只做配角？\n\n化解方法：一直希求他人的仰慕和赞美，而因此忽略了身边人的付出是你必须检讨的大问题，没有人能够永远被仰视，也没有人必须永远被俯视，改变你的态度，达成彼此的共识，你绝对好快脱离单身圈。衣着上沉着的黑色系最表达你的特出气质，一枚品质出色的钻石戒指则让人情不自禁被你吸引。', '2020-01-18 16:07:57', '56');
INSERT INTO `answer_tb` VALUES ('170', '处女座', '结果', '', '处女座：你是土象星座里最奇怪的，你虽然理性却很情绪化；虽然现实却总期望浪漫奇迹；你内心对爱情有崇高的热望，你渴望纯粹的真正爱情，又害怕世人的风言风语；也因此你的挑剔程度无人能比；慢热态度足以炖熟两只老母鸡，爱情长跑是你的拿手好戏，可是过尽千帆，你又往往选择一个人笑看风云。你的忽冷忽热往往让许多追求者败下阵来，你的刻意考验，又打跑了许多入围者，当你真正想要屈就一下，却往往发现最好的原来是你的过去时！高傲与理智的共同煎熬让你不得不选择了单身，背影美丽，却略带凄清。\n\n化解方法：放下内心的秩序准则，有时候完美并不是真正的完美，太过注重细节就是强迫症的代名词。他的牙膏是否从中间开始挤，是否真得那么重要？从现在开始学会睁一只眼闭一只眼的难得糊涂吧。轻快的湖蓝粉绿都能让你学会平心静气，一串绿幽灵水晶链也能起到同样功效。', '2020-01-18 16:07:57', '56');
INSERT INTO `answer_tb` VALUES ('171', '天秤座', '结果', '', '天秤座：生在黄道第七宫的你，最在乎的始终是人与人之间那复杂又难以割舍的关系，所以你优雅而圆融，大方得体又善解人意，生来需要陪伴，害怕孤清。按理身边从不缺少哥们闺蜜的你，又怎有机会涉足单身？可是别忘了你的天性里仍兼有风象座的交流欲及本位座的领导欲，为此，在人生的天平里，你总试图衡量清楚是爱情还是事业重要这样的命题，一般情况下，你总是愿意选择两个人的生活，但若你曾经受过伤，谨慎的你就难免彷徨不前，游移不定。\n\n化解方法：抛开认真谨慎的假面，直抵内心的需求，就是你在面临选择时需要做的事情。拿掉放大镜，少一些揣测，就会变得更有勇气。含蓄高贵的紫色为你的优雅态度加分，一枚月光石的吊坠则让你感性与理性兼而得知。', '2020-01-18 16:07:57', '56');
INSERT INTO `answer_tb` VALUES ('172', '天蝎座', '结果', '', '天蝎座：拥有性感底子的你，只要稍一磨练就能令人五内如焚，怪不得无论外表如何，人们总无法对你忽视。你柔情似水，又热情似火，实在是令人难忘的尤物。只是天生钟爱强烈感情的你，最需要的就是强烈无缝隙的贴合，从身到心，毫无例外。但是太强烈的往往是难以控制的，你知。不知不觉中，你就变成了妒忌与占有的代名词，其实你只是害怕他的灵魂不在你的掌握之中而已。但是爱情终归是两个人的事情，强求对方与你身心合一该有多难？\n\n化解方法：退一步海阔天空固然是一句老生常谈，却相当适合对爱情步步紧逼的你，其实放松对他人的执着，亦是解放自我的过程，不妨一试？带有动物纹案的咖啡色系似乎是专属为你锻造的，一枚豹纹发夹就令你熠熠生辉，光彩照人。', '2020-01-18 16:07:57', '56');
INSERT INTO `answer_tb` VALUES ('173', '射手座', '结果', '', '射手座：永远有多远？爱情有多久？你的一生都在追寻它们的答案，为了梦想中的远方与爱情，你乐意潇洒走四方。你乐观自信爽朗豁达，你的妩媚与奔放太容易俘虏别人，让你单身？似乎没有这个可能。只是两个人的相处中，太过谦让的你会觉得腻，太过霸道的你根本受不了，原来生性热爱自由，不愿受人束缚的个性注定了你内心的流浪基因，为了理想你可以抛弃名利亦可扔掉责任，众人的唾骂你都可以假装听不见。于是你，经过了千山万水，却仍旧只是最爱自己。\n\n化解方法：为他人思考似乎太委屈你，但两个人的世界总要有人作出适当让步，流浪的小船终究需要靠岸，其实替人考虑就是为自己考虑。清新的鹅黄，桃红，天蓝等浅色系都会使你看起来神采奕奕，一串天珠则让你的信仰有了皈依。', '2020-01-18 16:07:57', '56');
INSERT INTO `answer_tb` VALUES ('174', '摩羯座', '结果', '', '摩羯座：十二星座中属你最老成持重，最踏实也最勤力。作为土象座的最后一个，又诞生在土星门下，责任之重重于泰山几乎成为你一生孜孜不倦向前的动力来源。你懂事识大体，又天生一副任劳任怨的身板，为此劳模总是与你结缘，人缘也好到不像话。但面临爱情，你却进退失据。表面上看，你似非常现实功利，细究起来，竟然是天生悲剧情结作怪，下意识里愿意舍身成仁，为了事业或其他放弃爱情，忍辱负重，强颜欢笑，夜半却珠泪暗垂，伤心欲绝。\n\n化解方法：悲剧固然是美，殊不知也有美丽的喜剧。委屈自己千辛万苦之后获得的真就比简单无邪的当下来得更快乐么？或者你该扪心自问才做出选择。清朗的橘色其实最能带给你涌动的热情，就算只是一抹橘色眼影或腮红也会带给你不同的幸运。', '2020-01-18 16:07:57', '56');
INSERT INTO `answer_tb` VALUES ('175', '水瓶座', '结果', '', '水瓶座：隶属于风相星座的你，天生热情而心胸宽广，朋友无数，又怎么还会单身？但，看似热情随和的表象下，你内心那过于自我与疏离的个性，却常令你难以真正接受一个人。尽管从理论上你总能通达接受一切奇思异想，又最具同理心，可是诞生在古怪疏离的天王星门下，却也让你最爱自由，最怕被桎梏，最恨俗世凡尘的羁绊，也最坚持着自己的见解，从不愿改变或妥协。一旦有人想要密切贴近，你就会感到有窒息压迫感，唯有朋友般的互动交流模式，才能令你真正感到舒适与安全。\n\n化解方法：坚持的保持独立空间是你的个性，却也要让对方懂得，唯有透过交流达成彼此的共识，才会让两个人的温暖，能够共同分享。在衣着上暖红色系的装饰总能很好的中和你略带冷漠的特质，一支红色的发箍也许就会为你增色不少呢！', '2020-01-18 16:07:57', '56');
INSERT INTO `answer_tb` VALUES ('176', '双鱼座', '结果', '', '双鱼座：经过了十一个星座后，你是轮回的终结与起始。你的图腾形同阴阳交感，两尾鱼带出了说不清道不明的前世今生，万物生发。也因此你的面貌最因人而异，最温柔最多情最浪漫最善良也最逃避最混沌最半梦半醒。身为木星与海王星共同的子民，你的慈悲随和温存甚至懦弱容易被欺骗利用都似乎是小说里女主们必有的性格特征，所以你一向是追求者众；生性马虎不太懂得照顾自己也让你不愿一个人独立面对艰苦生活，所以单身与你几乎是不可能的事情。可是，单身谱上时不时还是出现了你的踪迹。原来面对爱情，你有时候出奇的倔强，有时候更偏执地活在梦里不愿醒来，逃避与沉溺让你不愿长出双脚踏上现实的土地，最终令人失望离去。\n\n化解方法：有梦与生活在梦中其实是两码事，你最需要的是一个能够了解你并帮助你面对现实的良师益友，透过灵魂的沟通与生活的照应，你才能摆脱虚幻而惶惑恍惚的心情。粉红色系强调了你的优势，又让你变得积极，一支特别的腕表则让你的秩序感大增。', '2020-01-18 16:07:57', '56');
INSERT INTO `answer_tb` VALUES ('177', '实', '结果', '', '选择“实”字，代表自己有被暗恋的的状况是“早已习惯，安于守密”，因为实如果加上一个立心部就变成“惯”，表示习惯，长期性有人在暗恋你，而实的头也是“守”的头，保是很守秘“密”，因此有人在暗恋你，也许你自己还不晓得呢！', '2020-01-18 16:38:58', '57');
INSERT INTO `answer_tb` VALUES ('178', '在', '结果', '', '选择“在”字，代表自己有被暗恋的的状况是“左右皆有，心存仁爱”，因为“在”暗藏的一个、“左”，也暗藏了“右”还有“有”，表示有很多人在暗恋你，而且是“存在”的，另外在里面也暗藏了一个“仁”，意指你是心存仁爱之心的人。', '2020-01-18 16:38:58', '57');
INSERT INTO `answer_tb` VALUES ('179', '难', '结果', '', '选择“难”字，代表自己有被暗恋的的状况是“情路多艰，有雌有雄”，因为难是“艰”的开始，表示感情路上很艰难，而难的右边是“雌”、“雄”的结束，表示暗恋你的有男的，也有女的在暗恋你。', '2020-01-18 16:38:58', '57');
INSERT INTO `answer_tb` VALUES ('180', '说', '结果', '', '选择“说”字，代表自己有被暗恋的的状况是“少女心悦，言听计从”，因为说可以拆成“言”、“兑”二字，因为“兑”在八卦里面就是少女之意，意思是说有年轻的异性在暗暗的喜欢自己，如果把说凯诚心字边就变成“悦”，而如果加上一个十就变“计”，意思是说有人对你很喜欢，而且对你言听计从。', '2020-01-18 16:38:58', '57');
INSERT INTO `answer_tb` VALUES ('181', '黄色和白色', '结果', '', '选黄色和白色，表示你最近可能会有新恋情，而且半年内就会出现，新对象有可能是创造力很强的人。', '2020-01-18 16:38:40', '58');
INSERT INTO `answer_tb` VALUES ('182', '珊瑚色和蓝色', '结果', '', '选珊瑚色和蓝色，表示你最近可能不会有新恋情，因为你对旧情人念念不忘。', '2020-01-18 16:38:40', '58');
INSERT INTO `answer_tb` VALUES ('183', '绿色和粉红色', '结果', '', '选绿色和粉红色，表示你最近的新恋情有可能是朋友介绍或是参加社团活动认识的。', '2020-01-18 16:38:40', '58');
INSERT INTO `answer_tb` VALUES ('184', '黄色和蓝色', '结果', '', '选黄色和蓝色，表示你最近没有什么新恋情，因为你交际范围太小，你必须要重新创造一个朋友圈。', '2020-01-18 16:38:40', '58');
INSERT INTO `answer_tb` VALUES ('185', '下车后立即找适当的地方重新梳理', '结果', '', '下车后立即找适当的地方重新梳理。热情奔放的你，对于第三者的诱惑，或许会表现出一种期待，但是由于天性爱在乎别人看法的你，就算特别期待外遇的刺激，也会在遵循传统礼教的同时，让外遇在你的心里停留一段时间，而在这个挣扎的过程中，断然不会付诸任何行动。这样一来，你的ta似乎也可以放心了。', '2020-01-18 16:38:31', '59');
INSERT INTO `answer_tb` VALUES ('186', '不理会它，任由自己满面憔悴', '结果', '', '不理会它，任由自己满面憔悴。从选择结果就可以看出你是一个懂得知足的人，对感情要求不高，也特别容易满足，只是看似知足常乐的你如果碰到情人常常忽略你的情况下，或是又遇到很大的诱惑，那么这时的你很有可能就“深陷”这种致命的诱惑，不过要是没有遇到这样的事情，你或许从不会想自己会不会搞外遇。', '2020-01-18 16:38:31', '59');
INSERT INTO `answer_tb` VALUES ('187', '只随手整理一下', '结果', '', '只随手整理一下。这样的动作看似随意，可是也表明你的内心对待感情的态度绝对是十分专心，一定会执着地守护这份爱情，并不让外遇出现，就算是有缘遇到那个极具吸引力的第三者，你也会因内心的执着而对外遇不抱任何想法，这样的你也只有结束这段感情后，才会开始下一次恋情。', '2020-01-18 16:38:31', '59');
INSERT INTO `answer_tb` VALUES ('188', '还没有到达目的地，已忙着在车上打扮', '结果', '', '还没有到达目的地，已忙着在车上打扮。热恋中的人也会花心，而你就是最典型的一个，于是也有人正面说你用情不专。那是因为当你遇着一个令你倾心的第三者时，花心的你绝对不会介意与对方发展一下，而且你还抱着期待的心理等待这个机会的来临，还说自己能不花心吗？', '2020-01-18 16:38:31', '59');
INSERT INTO `answer_tb` VALUES ('189', '拇指', '结果', '', '大拇指是我们手指中的领袖，它也是最悠闲的。选择它说明你是个幸运的人，因为个性比较豁达，思想比较单纯，你时常能够自娱自乐，看开很多事情，你觉得得过且过，但一旦有了目标就会十分认真和投入，这样的你，所以很容易得到真爱，一定会有一个人用一辈子去爱你。多么幸福呀，希望那个人也会是你深爱的人。', '2020-01-18 16:12:33', '60');
INSERT INTO `answer_tb` VALUES ('190', '食指', '结果', '', '食指是我们五根手指中最敏感的。选择它说明你是个情感细腻的人，你不想去感知多么遥远的未来，爱一个人就是把TA种在心上，你的快乐和悲伤都被紧紧套在爱情上，所以如果你遇见了一个喜欢的人，并且你确定你爱那个人，那么你可能就会用一辈子不计一切去奉献去爱TA。这样的情感来得深沉而久远，祝福你，一定要幸福。', '2020-01-18 16:12:33', '60');
INSERT INTO `answer_tb` VALUES ('191', '中指', '结果', '', '中指是我们最长的手指，选择它，说明你是一个天真烂漫的孩子，你心里有很多小幸福小幻想，你会喜欢上很多的人，也会爱上很多的人，每一份情感都来得很单纯，所以你是个小情种。。把握每一份爱情，不要轻易就放手了，也许那是真爱，那样错过以后会很后悔的，所以分手的时候要考虑清楚哦。', '2020-01-18 16:12:33', '60');
INSERT INTO `answer_tb` VALUES ('192', '无名指', '结果', '', '无名指总是挨着中指。选择它，说明你是一个缺乏安全感的孩子，因为对太多事情抱着怀疑的心理，所以不敢轻易去接受爱，有时接受了也是因为那个人给你需要的温暖，一旦TA的温暖不能给你庇佑了，你就会恐惧，然后迅速退回到自己的领地去，这样的你，让人心疼。你更爱的是自己。', '2020-01-18 16:12:33', '60');
INSERT INTO `answer_tb` VALUES ('193', '小指', '结果', '', '最小最可爱的它。选择它的你个性很倔强，有时显得偏执，不可理喻，可这正是你最与众不同的个性，所以一直以来都有许多人喜欢并爱着你，一直也让你困扰，但是爱情只有两个人，多一个都会觉得很挤的，所以当你心里已经有了答案后，一定要很快做出选择，不然会有很多人可能受伤哦。', '2020-01-18 16:12:33', '60');
INSERT INTO `answer_tb` VALUES ('194', '1-3月份', '结果', '', '一月到三月：今年你会很走运，而且你会发现你会以外的爱上一个人。', '2020-01-18 16:11:01', '61');
INSERT INTO `answer_tb` VALUES ('195', '4-6月份', '结果', '', '四月到六月：你会有个很强的爱情，这段感情不会很长，但那美好的回忆会让你永生不忘。', '2020-01-18 16:11:01', '61');
INSERT INTO `answer_tb` VALUES ('196', '7-9月份', '结果', '', '七月到九月：你会有个很快乐的一年且会经历一个在你一生中好的，很大的改变。', '2020-01-18 16:11:01', '61');
INSERT INTO `answer_tb` VALUES ('197', '10-12月份', '结果', '', '十月到十二月：你的爱情不会很好，但最终你会找到你一生的伴侣。', '2020-01-18 16:11:01', '61');
INSERT INTO `answer_tb` VALUES ('198', '坦诚', '结果', '', '选择“坦诚”的人，暗示你有亲近爱人的欲望。在你的爱情观中，你认为爱情就是两个人心灵紧密的结合，而且你觉得两个人可以极端亲密才是爱情的基本元素，而要极端亲密的前提就是要互相坦诚。你没办法过着貌合神离的爱情生活，更没办法接受一个对你不坦诚的爱人，这是你的爱情观中的最重要特质。', '2020-01-18 16:07:30', '62');
INSERT INTO `answer_tb` VALUES ('199', '贞洁', '结果', '', '选择“贞节”的人，在这个开放社会中可能是少之又少了。不过，潜意识中还是有人对贞节的意识有相当的执着。如果你选择了这个答案，暗示你的潜意识中对于爱情的本质还是停留在贞节文化的世界中，相对的表示你对性的观念也很保守，在你心中总认为爱情应该是纯精神性的产物，性\"是婚姻后的产物，所以你在面对爱人时，即使口中不会迂腐的说绝对要有贞节要求，心中还是有点怪怪的。', '2020-01-18 16:07:30', '62');
INSERT INTO `answer_tb` VALUES ('200', '才华', '结果', '', '选“才华”的人，暗示你的爱情观有很大的幻想和浪漫的成份。因为你一直是陶醉在自己的爱情大梦中，所以你很少去注重爱人的其它方面的素质。不过，如果你的幻想太离谱，可能会让你的爱情一直只是梦幻泡影，不着边际。', '2020-01-18 16:07:30', '62');
INSERT INTO `answer_tb` VALUES ('201', '经济', '结果', '', '选择“经济”的人，有很强的现实性，对爱情的看法也很理性，常常可以花很少的资源去得到很大的爱情成果。这种人不会去做一些痴情愚笨的行为来感动爱人，在他的观念里爱情的重要性远比不上面包，有饭吃才有力气和闲情谈情，因此，这种人对于爱情和爱人是有选择性和企图性的，没有经济能力的人是没有资格谈恋爱的。', '2020-01-18 16:07:30', '62');
INSERT INTO `answer_tb` VALUES ('202', '用手把蚊子扇走', '结果', '', '亲驾驭野蛮女友的功力并不是很高，所以要是当野蛮女生的男朋友，一定会非常累。她会变着花样折磨你，虽然是个磨人的小妖精，但是谁也经不起这种高频率折腾吧。所以你和你的野蛮女友很有可能因为性格磨合不和，导致最后分手。', '2020-01-18 16:08:15', '63');
INSERT INTO `answer_tb` VALUES ('203', '用手或者苍蝇拍直接拍死它，拍不死也要多拍几下。', '结果', '', '亲的女友和你相比，一点都不算野蛮。你的女友顶多是开心时逗你一下，拍拍你而已。但是你才是那野蛮凶残男朋友。你喝多了习惯于对女朋友拳打脚踢，耍酒疯，让你的女朋友不得不加强防范意识，才变得野蛮狠心。你们的感情不会长久，很可能在这个秋天就互相告别。', '2020-01-18 16:08:15', '63');
INSERT INTO `answer_tb` VALUES ('204', '用杀虫剂对准蚊子狠狠喷', '结果', '', '亲可谓是非常聪明过人，你有着高智商高情商，“智斗”你的野蛮女友可谓是小菜一碟。其实你也知道，你的野蛮女友只是因为有时候感觉不到你的关心，才会假装耍威风而已，其实她内心是非常需要保护的。你经常与她扮演英雄救美的桥段，这让你的野蛮女友变得非常温柔小女人。你们的感情也在彼此的呵护下越来越甜蜜呢。', '2020-01-18 16:08:15', '63');
INSERT INTO `answer_tb` VALUES ('205', '浓浓的美式热咖啡', '结果', '', '属于「欢喜冤家追心肝型」。这类型的人非常的自我，就像一杯咖啡一样浓烈的味道，最爱的人是自己，虽然和对方彼此却很相爱，常常会拌嘴斗嘴，不过心底彼此的份量还是很重的。只是经常会由于性格的问题吵架拌嘴，小打小闹的生活反而多姿多彩。', '2020-01-18 16:08:07', '64');
INSERT INTO `answer_tb` VALUES ('206', '一杯纯净的白开水', '结果', '', '属于「想喝忘情水忘记一切型」。这类型的人非常的独立、聪明，你知道自己要的是什么。你们的现状是一杯白开水，对未来有点茫然，不知道自己想要的是什么，往里面加入糖，那么你就会很甜，加入盐，就会变咸。幸福指数只有百分之二十，不过会越来越好的。', '2020-01-18 16:08:07', '64');
INSERT INTO `answer_tb` VALUES ('207', 'QQ的热珍珠奶茶', '结果', '', '属于「只羡鸳鸯不羡仙」。这类型的人和另一半在一起已经都不需要用言语沟通，两人的默契已经不是外人所能了解的，常常只要对方一个眼神就能了解。像奶茶一样甜腻的味道，浓滑而香甜，美好的样子让人羡慕。这一类人懂得圆润，交际，人际关系，跟伴侣在一起和和美美。', '2020-01-18 16:08:07', '64');
INSERT INTO `answer_tb` VALUES ('208', '刚泡的老人乌龙茶', '结果', '', '属于「你浓我浓分不开型」。这类型的人，幸福的定义就是跟自己最爱的小孩在一起。这种感觉就是很窝心，跟一杯香浓的乌龙茶一样，发着淡淡的香味，让人觉得舒畅，你目前的心境是非常成熟的，不管是工作还是日常生活，你都能很平静的享受。正所谓幸福如人饮水，冷暖自知，真正的幸福不是说说而已，是要自己感受的。', '2020-01-18 16:08:07', '64');
INSERT INTO `answer_tb` VALUES ('209', '刚挤出来的鲜牛奶', '结果', '', '属于「煞到对方很甘愿型」。这类型的人很单纯也很白目，就像一杯纯牛奶一般，纯粹的颜色，淡淡甜甜的味道，看起来就很舒服，让人不自觉的喜欢。你只要喜欢上对方就会觉得自己超幸福。不管是被对方当做营养品喝了，还是为了对方变成一滩污浊的液体，都无怨无悔。其实这只是你一厢情愿的想法。', '2020-01-18 16:08:07', '64');
INSERT INTO `answer_tb` VALUES ('210', '是的', '跳转', '', '2', '2020-01-18 15:57:56', '65');
INSERT INTO `answer_tb` VALUES ('211', '不是', '跳转', '', '3', '2020-01-18 15:57:56', '65');
INSERT INTO `answer_tb` VALUES ('212', '还好', '跳转', '', '4', '2020-01-18 15:57:56', '65');
INSERT INTO `answer_tb` VALUES ('213', '是的', '跳转', '', '3', '2020-01-18 15:57:56', '66');
INSERT INTO `answer_tb` VALUES ('214', '不是', '跳转', '', '4', '2020-01-18 15:57:56', '66');
INSERT INTO `answer_tb` VALUES ('215', '还好', '跳转', '', '5', '2020-01-18 15:57:56', '66');
INSERT INTO `answer_tb` VALUES ('216', '是的', '跳转', '', '4', '2020-01-18 15:57:56', '67');
INSERT INTO `answer_tb` VALUES ('217', '不是', '跳转', '', '5', '2020-01-18 15:57:56', '67');
INSERT INTO `answer_tb` VALUES ('218', '还好', '跳转', '', '6', '2020-01-18 15:57:56', '67');
INSERT INTO `answer_tb` VALUES ('219', '是的', '跳转', '', '5', '2020-01-18 15:57:56', '68');
INSERT INTO `answer_tb` VALUES ('220', '不是', '跳转', '', '6', '2020-01-18 15:57:56', '68');
INSERT INTO `answer_tb` VALUES ('221', '还好', '跳转', '', '7', '2020-01-18 15:57:56', '68');
INSERT INTO `answer_tb` VALUES ('222', '是的', '跳转', '', '6', '2020-01-18 15:57:56', '69');
INSERT INTO `answer_tb` VALUES ('223', '不会', '跳转', '', '7', '2020-01-18 15:57:56', '69');
INSERT INTO `answer_tb` VALUES ('224', '还好', '跳转', '', '8', '2020-01-18 15:57:56', '69');
INSERT INTO `answer_tb` VALUES ('225', '是的', '跳转', '', '7', '2020-01-18 15:57:56', '70');
INSERT INTO `answer_tb` VALUES ('226', '不是', '跳转', '', '8', '2020-01-18 15:57:56', '70');
INSERT INTO `answer_tb` VALUES ('227', '还好', '结果', '', '春季。在春这里的雨季就是最好的，在开始，你就会有一个好的仪器，如果想要寻找另一半，此时此刻你尚且单身的话，在春季里积极地参加朋友聚会吧，至少不要整天宅在家里，多出去走走，才能够迎接好运，只是呆在家里，好运是不会找上门的，有重要的事情，也不妨安排在春季里去做决定，多半这种时候你做出的决定是有利于你的，只要相信自己会有一番作为。', '2020-01-18 15:57:56', '70');
INSERT INTO `answer_tb` VALUES ('228', '是的', '跳转', '', '9', '2020-01-18 15:57:56', '71');
INSERT INTO `answer_tb` VALUES ('229', '不是', '跳转', '', '8', '2020-01-18 15:57:56', '71');
INSERT INTO `answer_tb` VALUES ('230', '还好', '跳转', '', '10', '2020-01-18 15:57:56', '71');
INSERT INTO `answer_tb` VALUES ('231', '是的', '跳转', '', '9', '2020-01-18 15:57:56', '72');
INSERT INTO `answer_tb` VALUES ('232', '不是', '结果', '', '春季。在春这里的雨季就是最好的，在开始，你就会有一个好的仪器，如果想要寻找另一半，此时此刻你尚且单身的话，在春季里积极地参加朋友聚会吧，至少不要整天宅在家里，多出去走走，才能够迎接好运，只是呆在家里，好运是不会找上门的，有重要的事情，也不妨安排在春季里去做决定，多半这种时候你做出的决定是有利于你的，只要相信自己会有一番作为。', '2020-01-18 15:57:56', '72');
INSERT INTO `answer_tb` VALUES ('233', '还好', '结果', '', '夏季。到了夏季，你的运气才会逐渐好起来，春季发生的那些不愉快的事情最终都会成为浮云，所以要相信自己夏季的时候运气会好，不要在年初的时候经历一些烦心琐事就感到失望，灰心，虽然很漫长，但是因为夏季有好的运气，一整年你都会感觉到精神抖擞，在事业上和财务上如果有什么变动的话，不妨在夏季进行，一切事情会朝着更好的方向发展。', '2020-01-18 15:57:56', '72');
INSERT INTO `answer_tb` VALUES ('234', '是的', '结果', '', '秋季。秋季的运气最好，到了秋季，你也可以说进入了收获的季节，很多事情都会非常的顺利，而你曾经努力过的，奉献过的牺牲过的，都会得到回馈，无论是在爱情方面还是在财务方面，都会有不错的收获，就会让你感到非常的庆幸，庆幸自己一整年的努力终于不会白费，还没等到年底就收获了自己想要的结果，秋季定会过的最开心，整整一个秋季都沉浸在兴奋的心情之下。', '2020-01-18 15:57:56', '73');
INSERT INTO `answer_tb` VALUES ('235', '不是', '结果', '', '冬季。冬季运气最好，虽然到了冬季，你会觉得，一切都归于平静，也没有什么更多的目标，无论一整年过得怎么样，都知道自己应该珍惜自己创造的成果，结果是好是坏，都是自己努力得来的，但是冬季的运气会好到爆，会发现你收获的比自己付出的努力更多，很多收获是非常意外的，这让你感到非常的庆幸，你会觉得生活中有更多的事情值得去期待。', '2020-01-18 15:57:56', '73');
INSERT INTO `answer_tb` VALUES ('236', '还好', '结果', '', '春季。在春这里的雨季就是最好的，在开始，你就会有一个好的仪器，如果想要寻找另一半，此时此刻你尚且单身的话，在春季里积极地参加朋友聚会吧，至少不要整天宅在家里，多出去走走，才能够迎接好运，只是呆在家里，好运是不会找上门的，有重要的事情，也不妨安排在春季里去做决定，多半这种时候你做出的决定是有利于你的，只要相信自己会有一番作为。', '2020-01-18 15:57:56', '73');
INSERT INTO `answer_tb` VALUES ('237', '是的', '结果', '', '夏季。到了夏季，你的运气才会逐渐好起来，春季发生的那些不愉快的事情最终都会成为浮云，所以要相信自己夏季的时候运气会好，不要在年初的时候经历一些烦心琐事就感到失望，灰心，虽然很漫长，但是因为夏季有好的运气，一整年你都会感觉到精神抖擞，在事业上和财务上如果有什么变动的话，不妨在夏季进行，一切事情会朝着更好的方向发展。', '2020-01-18 15:57:56', '74');
INSERT INTO `answer_tb` VALUES ('238', '不是', '结果', '', '秋季。秋季的运气最好，到了秋季，你也可以说进入了收获的季节，很多事情都会非常的顺利，而你曾经努力过的，奉献过的牺牲过的，都会得到回馈，无论是在爱情方面还是在财务方面，都会有不错的收获，就会让你感到非常的庆幸，庆幸自己一整年的努力终于不会白费，还没等到年底就收获了自己想要的结果，秋季定会过的最开心，整整一个秋季都沉浸在兴奋的心情之下。', '2020-01-18 15:57:56', '74');
INSERT INTO `answer_tb` VALUES ('239', '还好', '结果', '', '冬季。冬季运气最好，虽然到了冬季，你会觉得，一切都归于平静，也没有什么更多的目标，无论一整年过得怎么样，都知道自己应该珍惜自己创造的成果，结果是好是坏，都是自己努力得来的，但是冬季的运气会好到爆，会发现你收获的比自己付出的努力更多，很多收获是非常意外的，这让你感到非常的庆幸，你会觉得生活中有更多的事情值得去期待。', '2020-01-18 15:57:56', '74');
INSERT INTO `answer_tb` VALUES ('240', '是的', '跳转', '', '2', '2020-01-18 15:55:05', '75');
INSERT INTO `answer_tb` VALUES ('241', '不是', '跳转', '', '3', '2020-01-18 15:55:05', '75');
INSERT INTO `answer_tb` VALUES ('242', '还好', '跳转', '', '4', '2020-01-18 15:55:05', '75');
INSERT INTO `answer_tb` VALUES ('243', '是的', '跳转', '', '3', '2020-01-18 15:55:05', '76');
INSERT INTO `answer_tb` VALUES ('244', '不是', '跳转', '', '4', '2020-01-18 15:55:05', '76');
INSERT INTO `answer_tb` VALUES ('245', '还好', '跳转', '', '5', '2020-01-18 15:55:05', '76');
INSERT INTO `answer_tb` VALUES ('246', '是的', '跳转', '', '4', '2020-01-18 15:55:05', '77');
INSERT INTO `answer_tb` VALUES ('247', '不是', '跳转', '', '5', '2020-01-18 15:55:05', '77');
INSERT INTO `answer_tb` VALUES ('248', '还好', '跳转', '', '6', '2020-01-18 15:55:05', '77');
INSERT INTO `answer_tb` VALUES ('249', '是的', '跳转', '', '5', '2020-01-18 15:55:05', '78');
INSERT INTO `answer_tb` VALUES ('250', '不是', '跳转', '', '6', '2020-01-18 15:55:05', '78');
INSERT INTO `answer_tb` VALUES ('251', '还好', '跳转', '', '7', '2020-01-18 15:55:05', '78');
INSERT INTO `answer_tb` VALUES ('252', '是的', '跳转', '', '6', '2020-01-18 15:55:05', '79');
INSERT INTO `answer_tb` VALUES ('253', '不会', '跳转', '', '7', '2020-01-18 15:55:05', '79');
INSERT INTO `answer_tb` VALUES ('254', '还好', '跳转', '', '8', '2020-01-18 15:55:05', '79');
INSERT INTO `answer_tb` VALUES ('255', '是的', '跳转', '', '7', '2020-01-18 15:55:05', '80');
INSERT INTO `answer_tb` VALUES ('256', '不是', '跳转', '', '8', '2020-01-18 15:55:05', '80');
INSERT INTO `answer_tb` VALUES ('257', '还好', '结果', '', '购物是个坑\n　　别猜了，你还是很难克制自己的购物欲，虽然你知道很多时候自己应该克制一点，购物方面花掉了太多钱财，这是很不应该的，可是你很难做到真正的克制自己，一买起东西来就忘记了自己的省钱计划，更是忘记了财务方面是有什么安排，一看到喜欢的东西就想立刻下手，有些东西真的是可有可无，可是你还是会立即买下来，好像生怕会断货买不到一样，这就是你破财的最大原因。', '2020-01-18 15:55:05', '80');
INSERT INTO `answer_tb` VALUES ('258', '是的', '跳转', '', '9', '2020-01-18 15:55:05', '81');
INSERT INTO `answer_tb` VALUES ('259', '不是', '跳转', '', '8', '2020-01-18 15:55:05', '81');
INSERT INTO `answer_tb` VALUES ('260', '还好', '跳转', '', '10', '2020-01-18 15:55:05', '81');
INSERT INTO `answer_tb` VALUES ('261', '是的', '跳转', '', '9', '2020-01-18 15:55:05', '82');
INSERT INTO `answer_tb` VALUES ('262', '不是', '结果', '', '购物是个坑\n　　别猜了，你还是很难克制自己的购物欲，虽然你知道很多时候自己应该克制一点，购物方面花掉了太多钱财，这是很不应该的，可是你很难做到真正的克制自己，一买起东西来就忘记了自己的省钱计划，更是忘记了财务方面是有什么安排，一看到喜欢的东西就想立刻下手，有些东西真的是可有可无，可是你还是会立即买下来，好像生怕会断货买不到一样，这就是你破财的最大原因。', '2020-01-18 15:55:05', '82');
INSERT INTO `answer_tb` VALUES ('263', '还好', '结果', '', '礼尚往来很费钱\n　　你的偏财运势其实还不错，经常能够收到朋友的馈赠，但是收回来的礼物不代表你能够全部留下而不付出一点点物质上的回馈，你不喜欢欠别人人情，收了别人的东西就想立刻还回去可是该怎么还回去呢？当然就要花钱去买一份像样的礼物回馈给朋友，一来二去，自己收回来的东西很多，花出去的钱也很多，虽然别人给你花那么多钱，你很开心，但是你给别人花的钱更多。', '2020-01-18 15:55:05', '82');
INSERT INTO `answer_tb` VALUES ('264', '是的', '结果', '', '花钱安抚情绪\n　　很多时候心情不太好，你就会用花钱安抚情绪的方式，浪费掉太多的金钱有时候你知道自己不应该花那么多钱，但是心情不好也管不了钱不钱的事情了，只想赶快把自己的情绪搞定，因为情绪不好的时候就常常会做错一些事，比起浪费钱财，你更希望自己的心情每天都是好好的，所以花钱去安抚情绪，导致自己花了太多金钱，这就是你破财的最重要的原因。', '2020-01-18 15:55:05', '83');
INSERT INTO `answer_tb` VALUES ('265', '不是', '结果', '', '花钱图方便\n　　有很多事情你都觉得让自己非常的累心，所以你宁可要花点钱去买个方便，钱不是很重要，但是让自己省心就很重要了，很多事如果给自己添堵，如果能花钱去解决，你会觉得再好不过，总比让自己一直不开心，要好的多，所以你宁可花点钱买个安心买个方便，也不愿意省着那点钱给自己找麻烦，如果肯花钱给自己图方便的话，除了花钱比较多一点，总体而言，还是挺顺利的。', '2020-01-18 15:55:05', '83');
INSERT INTO `answer_tb` VALUES ('266', '还好', '结果', '', '购物是个坑\n　　别猜了，你还是很难克制自己的购物欲，虽然你知道很多时候自己应该克制一点，购物方面花掉了太多钱财，这是很不应该的，可是你很难做到真正的克制自己，一买起东西来就忘记了自己的省钱计划，更是忘记了财务方面是有什么安排，一看到喜欢的东西就想立刻下手，有些东西真的是可有可无，可是你还是会立即买下来，好像生怕会断货买不到一样，这就是你2017年破财的最大原因。', '2020-01-18 15:55:05', '83');
INSERT INTO `answer_tb` VALUES ('267', '是的', '结果', '', '礼尚往来很费钱\n　　你的偏财运势其实还不错，经常能够收到朋友的馈赠，但是收回来的礼物不代表你能够全部留下而不付出一点点物质上的回馈，你不喜欢欠别人人情，收了别人的东西就想立刻还回去可是该怎么还回去呢？当然就要花钱去买一份像样的礼物回馈给朋友，一来二去，自己收回来的东西很多，花出去的钱也很多，虽然别人给你花那么多钱，你很开心，但是你给别人花的钱更多。', '2020-01-18 15:55:05', '84');
INSERT INTO `answer_tb` VALUES ('268', '不是', '结果', '', '花钱安抚情绪\n　　很多时候心情不太好，你就会用花钱安抚情绪的方式，浪费掉太多的金钱有时候你知道自己不应该花那么多钱，但是心情不好也管不了钱不钱的事情了，只想赶快把自己的情绪搞定，因为情绪不好的时候就常常会做错一些事，比起浪费钱财，你更希望自己的心情每天都是好好的，所以花钱去安抚情绪，导致自己花了太多金钱，这就是你破财的最重要的原因。', '2020-01-18 15:55:05', '84');
INSERT INTO `answer_tb` VALUES ('269', '还好', '结果', '', '花钱图方便\n　　有很多事情你都觉得让自己非常的累心，所以你宁可要花点钱去买个方便，钱不是很重要，但是让自己省心就很重要了，很多事如果给自己添堵，如果能花钱去解决，你会觉得再好不过，总比让自己一直不开心，要好的多，所以你宁可花点钱买个安心买个方便，也不愿意省着那点钱给自己找麻烦，如果肯花钱给自己图方便的话，除了花钱比较多一点，总体而言，还是挺顺利的。', '2020-01-18 15:55:05', '84');
INSERT INTO `answer_tb` VALUES ('270', '英国风味十足的西餐厅', '结果', '', '选西餐厅的人会时而富贵。拼搏精神十足的你，希望通过自己的努力改变现下的生活环境。但是人生运势本就起起伏伏，也许财运亨通，顷刻间遇破财。财富不是守住的，而是需要你不断积累。相信几番起伏你会慢慢摸出自己的“守财之道”。', '2020-01-18 15:53:43', '85');
INSERT INTO `answer_tb` VALUES ('271', '回忆满满的街边小店', '结果', '', '选街边小店的人会大富大贵。你就是大富大贵的命，生来具有领导才干的你注定会是个成功的人，即使做一个牧羊人也能将羊群管理得服服帖帖，无论现在是什么生活是穷困潦倒还是创业艰苦期间，相信自己跟着自己的心走，在不久的将来一定会有一番作为并且过上富贵无忧而生活。', '2020-01-18 15:53:43', '85');
INSERT INTO `answer_tb` VALUES ('272', '富丽堂皇的中式高级餐厅', '结果', '', '选中式高级餐厅的人会过上小康生活。你是一个对生活充满热情并乐于分享生活方式的人，在你眼里挣钱不单单是为了生活更是为了追随快乐的步伐。当财富积累到一定程度，你可能会放弃一些挣钱机会而选择带着家人来场旅行。这种自由的生活态度实在让人羡慕不已。', '2020-01-18 15:53:43', '85');
INSERT INTO `answer_tb` VALUES ('273', '特色家乡土菜馆', '结果', '', '选土菜馆的人有够花的钱。对你来说，钱都是刚刚够花的。你不是一个有野心的人，对于物质跟生活没有过多的期盼，一般都是自己挣的钱刚刚够花。正因为不多不少刚刚好，让你也十分知足。对于你来说无忧与健康的生活比富贵来得更重要！', '2020-01-18 15:53:43', '85');
INSERT INTO `answer_tb` VALUES ('274', '2件以下', '结果', '', '你是一个绝对的理性主义消费者，如果金钱有生命，那么它在你的手里一定能最大程度发挥自己的生存价值。你喜欢做各类经济规划，就像你的生活那样具有规律性，额外的支出将被尽可能地避免，因为你的务实态度总是让你对花钱之类的事情不那么感冒。这样的你是不是每次只点同一种饮料，喜欢同一口味的速食便当呢？其实，不妨尝试一些新鲜的事物，要知道生活不那么一尘不变才会渐渐地透出有趣，体验不同的生命过程不正是过日子的本质吗？', '2020-01-18 15:44:03', '86');
INSERT INTO `answer_tb` VALUES ('275', '3件到6件', '结果', '', '务实的态度和理性的消费观念，造就了你处事井井有条的风格，可以说你是一个能够寻找到刀刃并把钱花在其上的人，你的败家指数恰到好处。你强烈的家庭观念，愿意为别人考虑，并乐于付出和奉献，于是你会有一笔积蓄以备不时之需，所以你不太担心突发状况对你的经济要求，你可能经常考虑投资，财经频道或者会成为你的收视之爱，朋友之间最让你感兴趣的话题很可能是最新的投资方向而不是某个美丽的异性。只不过，有的时候消费仅仅是消费，它带来的乐趣或者不是更多金钱所能比拟的，在经济问题上偶尔犯一次傻，难道不会显得自己更可爱吗？', '2020-01-18 15:44:03', '86');
INSERT INTO `answer_tb` VALUES ('276', '7件到9件', '结果', '', '你显然需要借助一个外力来帮助自己巩固的克制潜力，抑制住不断增长的愿望，也许一个记帐软件就能帮到你，不妨一试。你总在花钱的速度与存钱的矛盾中苦苦挣扎，对于金钱的纠结是你的代名词，所以你的败家指数也是居高不下。虽然你已经具备了务实的潜质，却一而再地抵抗不住绚丽刺激的吸引，商家的绚丽包装和促销策略简直就是为你度身定做的，你可以久久留恋在舒适的购物环境中，就像躲进童年的旋转木马里那样飘飘然。然后，打开现实的暗道，堆满了鸡肋式的衣物和冲动消费的账单，你不断提醒自己这样的模式只能到此为止，但又一次次地重复杯具般的消费预言。', '2020-01-18 15:44:03', '86');
INSERT INTO `answer_tb` VALUES ('277', '10件以上', '结果', '', '你的性格张扬，与生俱来有着对快乐的向往，因此你用童心来欣赏一切。然而享受生活也是有代价的，你的生活态度和哲学注定了你的败家指数会很高。你往往对事物有着独特的敏锐度和发现美的眼睛，总是发出这就是我命中注定的那款的感叹，信用卡的赊账是下个月才需要思考的问题，一个追求精神享受重于物质的灵魂，是你对自我的认知。但是请注意，对于美好生活的向往必须建立在脚踏实地的基础之上，形而上学的贵族式生活免不了被现实所蹂躏，如果你没有雄厚的经济基础，那就请一定要平衡住欲望和务实之间的微妙关系，毕竟血拼不能成为我们生活的全部。', '2020-01-18 15:44:03', '86');
INSERT INTO `answer_tb` VALUES ('308', '书架后面', '结果', '', '书架后面\n书架象征着知性、才能和工作，你是个可以为钱抛弃自己感兴趣的工作的人，放弃喜欢的专业，在丰厚的薪水中享受收获的乐趣。', '2020-01-18 15:49:36', '97');
INSERT INTO `answer_tb` VALUES ('309', '壁橱最深处', '结果', '', '壁橱最深处\n壁橱是熟人最不容易看到的地方，是家人才知道的秘密场所，象征家庭的牵绊，也就是表示你会为了钱可以不惜与家人分开，独自背井离乡去远方探险。', '2020-01-18 15:49:36', '97');
INSERT INTO `answer_tb` VALUES ('310', '埋在庭院里', '结果', '', '埋在庭院里\n庭院是个开放的场所，代表着舆论。所以你可以作一个为钱而不管众人眼光的人，你也很容易因此而失去朋友。', '2020-01-18 15:49:36', '97');
INSERT INTO `answer_tb` VALUES ('311', '化妆镜后面', '结果', '', '化妆镜后面\n镜子代表你自己，为了钱你可以不管自己变成什么样子，甚至不择手段。', '2020-01-18 15:49:36', '97');
INSERT INTO `answer_tb` VALUES ('312', '大白菜', '结果', '', '消费\n有的人的确，一出生就没有遇到过什么大的风浪，读书的时候即使不是青云直上，也可以是优秀同学，工作的时候前途也是挺光明的。你便是这样的人，觉得自己的能力也蛮不错，赚钱自然要更加多才对。然而你的赚钱道路上也会有绊脚石的，那就是你的消费问题。好不容易赚了一点儿钱，你存不住，马上就会用掉。这些消费让你总是月光族，钱途还真是“光”明哦。', '2020-01-18 15:51:00', '98');
INSERT INTO `answer_tb` VALUES ('313', '圆白菜', '结果', '', '懒散。一个懒散却又成天做发财梦的人是什么体验，大概你自己是最清楚的了。当同龄人全都埋头苦干，可能收获少少，但是觉得慢慢来也会有进步的时候，你却觉得这些人好傻，赚那血汗钱。而你觉得自己应该就是投资眼光精准的人，要赚来钱快不受累的钱——其实这就是懒散的人才会拥有的想法，同时这也会制约你的钱途，成为你赚钱路上绊脚石一样的存在。', '2020-01-18 15:51:00', '98');
INSERT INTO `answer_tb` VALUES ('314', '花椰菜', '结果', '', '勇气\n你自己也觉得自己目前的人生并不好，大概混个吃饭睡觉，但远远地没有达到你的优秀状态。你也想赚好多的钱，衣锦还乡，策马扬鞭之类的。但是你觉得可能自己是潜力股的类型，需要很长时间的蛰伏，才可能在未来里产生无限大的价值。不过，是不是潜力股不好说，反正你没有魄力与勇气，去做一些事情。原本你也可以赚一票的，但是你没那勇气，自然错失良机。', '2020-01-18 15:51:00', '98');
INSERT INTO `answer_tb` VALUES ('315', '芹菜', '结果', '', '爱情\n尽管有的人说爱情是千金难买的，但不得不说，越来越现实的人，却愿意用爱情来换取千金。不过你的话，想是这么想不一定真的会去做。作为一个有知识、有文化、有理想、有目标的四有青年，你觉得自己可以赚到钱，所以不为丢弃爱情。然而偏偏，爱情却容易成为你赚钱路上的绊脚石。因为一份感情，足够让你颓废起来，让你精神不振，理想扔了。它不是你想HOLD就能HOLD的。', '2020-01-18 15:51:00', '98');
INSERT INTO `answer_tb` VALUES ('316', '香菜', '结果', '', '人际\n学习的时候，学习比不上人家，当不了学霸，好不容易毕业了，又摊上工作不好，运气不佳，财富没有，诸事不顺，你觉得自己的人生会有意思吗？当然没有！你也是想赚到大钱，打一个漂亮的翻身仗的。不过在你赚钱的时候，却也会有绊脚石出现，那就是你的人际关系不够和谐。可能会有小人在背后阴你，让你原本可以出色的人生，立马没了色彩，即使偶尔赚点小钱，很快又要拿作他用。', '2020-01-18 15:51:00', '98');
INSERT INTO `answer_tb` VALUES ('318', '六瓶', '结果', '', '不知道你是如何换到第六瓶啤酒的，如果不是你计算错误的话，那么就是你太不老实了，若你自行创业的话，大家可得担心你会不会成为掏空公司资产、债留台湾的经济犯。', '2020-01-18 16:07:46', '100');
INSERT INTO `answer_tb` VALUES ('319', '五瓶', '结果', '', '恭喜你！你是很适合经商的人，不仅懂得善加运用自己手中的资源，甚至知道如何能最精简的筹码，向外界借取最大的力量，若你真得最好了创业的准备，那就去做吧。', '2020-01-18 16:07:46', '100');
INSERT INTO `answer_tb` VALUES ('320', '四瓶', '结果', '', '你有点小聪明喔，脑筋较灵光。在日常生活中时常体现出精明的特点，颇具精打细算的能力，总体来说，如果经商的话，你会能赚到一些小钱财，但对大的商机的处理略嫌不足，企业长期经营获利还是需要更灵活的经营想法。', '2020-01-18 16:07:46', '100');
INSERT INTO `answer_tb` VALUES ('321', '三瓶', '结果', '', '你是个老实本分的人，考虑事情通常以最简单、最直接的角度入手，脑筋不能多转一圈，如果你要经商的话，可能会弄不清楚商场险恶，可能会错过许多机会。所以，建议你好好考虑清楚吧！', '2020-01-18 16:07:46', '100');
INSERT INTO `answer_tb` VALUES ('322', '长相清秀的学生', '结果', '', '你适合跟兄弟姊妹或年龄比你小的人住在一起。你是个有点害羞、害怕独处的人，平时跟相同年龄的人在相处上比较吃亏，不善于表达是你个性上比别人吃亏的地方。也许因为这样，你就会多加照顾自己信任或者年龄比你小的人，所以你适合跟兄弟姊妹或是年龄比你小的人住在一起。建议你多参加团体类型的活动，或者可以多利用网络让大家多认识你，让你免去害羞的尴尬。', '2020-01-18 15:36:03', '101');
INSERT INTO `answer_tb` VALUES ('323', '正在赶路的上班族', '结果', '', '你适合独居。你的个性比较自我，而且在生活上有很多个人的想法，但是你在日常生活的表现总是很迎合大家的要求，是个很会压抑自己真实感受的人。如果跟其他人住在一起，你可能会觉得非常不自在，不如试着自己一个人住，让自己松一口气可能比较好。建议你可以试着把自己的想法讲出来，让别人知道你的意见，也许就不用一个人住啰!', '2020-01-18 15:36:03', '101');
INSERT INTO `answer_tb` VALUES ('324', '带着小孩的妈妈', '结果', '', '你对于自己的未来有很多的梦想，尤其是在二人世界这一部分更是非常强烈，一旦恋爱了就会消失在朋友堆里，是个标准的「有异性没同性」的人。如果有机会跟情人住在一起，你会很希望尝试看看，所以你适合跟情人住在一起。建议你跟情人住在一起时不要过度干涉对方的私人领域，有时候彼此都要给对方一点空间，摩擦才会少一点。', '2020-01-18 15:36:03', '101');
INSERT INTO `answer_tb` VALUES ('325', '怜的游民', '结果', '', '你适合跟生活习惯没意见的人住在一起。你的血液里大概流着「总管」的血液，对于自家的事情很有一套管理的方法，而且也很擅长跟别人沟通，就算是意见不同也希望说服别人听你的，可以说是个不喜欢别人意见太多的独裁者。所以如果跟你住在一起的人意见不多，将能够享受到有秩序又整洁的好环境。建议你不妨忍耐一次听取他人的意见，也许你会有豁然开朗的感觉也说不定。', '2020-01-18 15:36:03', '101');
INSERT INTO `answer_tb` VALUES ('326', '你非常心仪的偶像', '结果', '', '你适合跟父母住在一起。你有着爱幻想的心灵、稍微迷煳的个性，是个不太会把生活弄得很规律的人;随和的个性让你交了不少好朋友，也许你内心适合跟朋友住在一起，但是如果学不会照顾自己，最好还是跟父母住在一起吧!建议你好好整顿自己目前的时间，有规律地生活，你会发现自己身体会健康很多、做事也比较有效率喔!', '2020-01-18 15:36:03', '101');
INSERT INTO `answer_tb` VALUES ('327', '觉得吃西瓜要吐子很麻烦', '结果', '', '觉得吃西瓜要吐子很麻烦。你的耐心80分,你是个注重细节的人,也会敏感地注意别人情绪的细节,所以你对他人是比较细致而有耐心的。只是有时候这种耐心用在自己身上却适得其反,你倒是对自己最容易没有耐心,有点逼自己达成目标。请记得时刻提醒自己,对自己好一点哦。', '2020-01-18 15:34:24', '102');
INSERT INTO `answer_tb` VALUES ('328', '切起来很麻烦', '结果', '', '切起来很麻烦。你的耐心20分,可以说你基本上对人对己都不太有耐心,比较不喜欢等待,也不喜欢别人磨叽。所以等红灯时,你总是急着第一个穿越。虽然有时候你这个特点,能让你比别人反应更快,也较有效率,但也会让你错过需要耐心的人和事。', '2020-01-18 15:34:24', '102');
INSERT INTO `answer_tb` VALUES ('329', '不喜欢西瓜的味', '结果', '', '不喜欢西瓜的味。你的耐心40分,你对别人会使用先隐忍,然后爆发的模式。一开始会用一些耐心,但不会太久,如果踏过你忍耐的底线,就会闹情绪了。你不喜欢别人急迫地对你说话,也不喜欢被逼着做事,这是因为你对自己的耐心倒是比较充足的。', '2020-01-18 15:34:24', '102');
INSERT INTO `answer_tb` VALUES ('330', '西瓜水份很多一吃就觉得撑', '结果', '', '西瓜水份很多一吃就觉得撑。你的耐心60分,你的耐心来源于你的内疚感,因为一旦你对别人急躁,你就会因自己沉不住气而自责,所以你会要求自己耐心一些。其实有的时候大可以放轻松一些,即使不是那么耐心,也是真实的性情表现哦。', '2020-01-18 15:34:24', '102');
INSERT INTO `answer_tb` VALUES ('331', '商务皮鞋', '结果', '', '商务皮鞋。在异性眼中你具有待人和谐，讲究美感和乐于助人的特质，基本上你善良亲切的形象，为你在爱情与人际关系中，加分不少。尤其在感情中你善解人意，常常设身处地的为人设想，自然能够赢得异性的关心和善意的回应。假如遇到喜欢的对象，一定要主动一点哦，机会就掌握在手中。你的主动会为你带来邂逅的机会哦!', '2020-01-18 15:56:01', '103');
INSERT INTO `answer_tb` VALUES ('332', '马丁靴', '结果', '', '马丁靴。一谈恋爱你总是会过度防卫保护自己，一丝不苟的风格，让大家跟你相处的时候都不敢随便的开玩笑。想要成为万人迷或是桃花女，赶快去培养一下温柔、撒娇、可爱的个性，生活可以放轻鬆，就算目前是单身，也可以好好的宠爱自己一下。用一点清新香水、用一点缤纷色彩，在这个夏天彻底改变自己的能量。', '2020-01-18 15:56:01', '103');
INSERT INTO `answer_tb` VALUES ('333', '休闲鞋', '结果', '', '休闲鞋。想要在夏天创造幸福机会，就要懂得去调适彼此的个性与脾气，不要再用疑心病、公主病的态度谈恋爱，互相关怀包容这样才可以维持恋爱的光与热。你的真命天子极有可能是天秤座与射手座。对方的职业可能从事网络科技业或是媒体、行销相关行业的对象。尤其是年长的熟龄男子特别让你倾心。', '2020-01-18 15:56:01', '103');
INSERT INTO `answer_tb` VALUES ('334', '英伦风皮鞋', '结果', '', '英伦风皮鞋。你今年的新恋情出现的可能性很高，由于最近几个月的你正在走桃花运，因此今年的桃花机会，应该是非常缤纷亮丽的，单身的朋友可以藉由参加朋友的生日、联谊聚会，认识全新的恋爱桃花。其次，你今年会有贵人相助，所以一定会遇上专属于你的另一半哦。', '2020-01-18 15:56:01', '103');
INSERT INTO `answer_tb` VALUES ('335', '认同', '跳转', '', '2', '2020-01-18 15:31:15', '104');
INSERT INTO `answer_tb` VALUES ('336', '不认同', '跳转', '', '3', '2020-01-18 15:31:15', '104');
INSERT INTO `answer_tb` VALUES ('337', '不是', '跳转', '', '3', '2020-01-18 15:31:15', '105');
INSERT INTO `answer_tb` VALUES ('338', '是的', '跳转', '', '4', '2020-01-18 15:31:15', '105');
INSERT INTO `answer_tb` VALUES ('339', '不是', '跳转', '', '4', '2020-01-18 15:31:15', '106');
INSERT INTO `answer_tb` VALUES ('340', '是的', '跳转', '', '5', '2020-01-18 15:31:15', '106');
INSERT INTO `answer_tb` VALUES ('341', '小说类', '跳转', '', '5', '2020-01-18 15:31:15', '107');
INSERT INTO `answer_tb` VALUES ('342', '历史传记', '跳转', '', '6', '2020-01-18 15:31:15', '107');
INSERT INTO `answer_tb` VALUES ('343', '励志处世类', '跳转', '', '7', '2020-01-18 15:31:15', '107');
INSERT INTO `answer_tb` VALUES ('344', '男人', '跳转', '', '6', '2020-01-18 15:31:15', '108');
INSERT INTO `answer_tb` VALUES ('345', '女人', '跳转', '', '7', '2020-01-18 15:31:15', '108');
INSERT INTO `answer_tb` VALUES ('346', '一个人在家喝闷酒', '跳转', '', '8', '2020-01-18 15:31:15', '109');
INSERT INTO `answer_tb` VALUES ('347', '泡酒吧跟陌生人喝', '跳转', '', '9', '2020-01-18 15:31:15', '109');
INSERT INTO `answer_tb` VALUES ('348', '找几个朋友吐吐苦水', '跳转', '', '10', '2020-01-18 15:31:15', '109');
INSERT INTO `answer_tb` VALUES ('349', '自己的性格问题', '跳转', '', '10', '2020-01-18 15:31:15', '110');
INSERT INTO `answer_tb` VALUES ('350', '别人的失误', '跳转', '', '8', '2020-01-18 15:31:15', '110');
INSERT INTO `answer_tb` VALUES ('351', '天命', '跳转', '', '11', '2020-01-18 15:31:15', '110');
INSERT INTO `answer_tb` VALUES ('352', '开心多', '跳转', '', '9', '2020-01-18 15:31:15', '111');
INSERT INTO `answer_tb` VALUES ('353', '不开心多', '跳转', '', '10', '2020-01-18 15:31:15', '111');
INSERT INTO `answer_tb` VALUES ('354', '都差不多', '跳转', '', '11', '2020-01-18 15:31:15', '111');
INSERT INTO `answer_tb` VALUES ('355', '是的', '跳转', '', '12', '2020-01-18 15:31:15', '112');
INSERT INTO `answer_tb` VALUES ('356', '不是', '跳转', '', '14', '2020-01-18 15:31:15', '112');
INSERT INTO `answer_tb` VALUES ('357', '是的', '跳转', '', '13', '2020-01-18 15:31:15', '113');
INSERT INTO `answer_tb` VALUES ('358', '不是', '跳转', '', '14', '2020-01-18 15:31:15', '113');
INSERT INTO `answer_tb` VALUES ('359', '还好一般般', '跳转', '', '12', '2020-01-18 15:31:15', '113');
INSERT INTO `answer_tb` VALUES ('360', '午后的家门口', '跳转', '', '16', '2020-01-18 15:31:15', '114');
INSERT INTO `answer_tb` VALUES ('361', '花盆旁边', '跳转', '', '15', '2020-01-18 15:31:15', '114');
INSERT INTO `answer_tb` VALUES ('362', '暖暖的被窝里', '跳转', '', '13', '2020-01-18 15:31:15', '114');
INSERT INTO `answer_tb` VALUES ('363', '会', '跳转', '', '15', '2020-01-18 15:31:15', '115');
INSERT INTO `answer_tb` VALUES ('364', '不会', '跳转', '', '17', '2020-01-18 15:31:15', '115');
INSERT INTO `answer_tb` VALUES ('365', '是的', '跳转', '', '16', '2020-01-18 15:31:15', '116');
INSERT INTO `answer_tb` VALUES ('366', '不是', '跳转', '', '17', '2020-01-18 15:31:15', '116');
INSERT INTO `answer_tb` VALUES ('367', '有', '跳转', '', '16', '2020-01-18 15:31:15', '117');
INSERT INTO `answer_tb` VALUES ('368', '没有', '跳转', '', '17', '2020-01-18 15:31:15', '117');
INSERT INTO `answer_tb` VALUES ('369', '会', '跳转', '', '17', '2020-01-18 15:31:15', '118');
INSERT INTO `answer_tb` VALUES ('370', '不会', '结果', '', '桃花姻缘运\n年底前，你的桃花其实会挺多，如果你愿意改变自己，先把自己打扮得美美的，帅帅的，没有人会拒绝你的魅力。就算没有遇到正桃花，至少异性缘会大大增加，这些都需要自己的改变，如果时常露出笑容，而不是一直愁眉苦脸，你的个人魅力也将会大大增加。其实不管怎么样，一定要相信自己，自己是很有魅力的一个人，有自信的人最美。', '2020-01-18 15:31:15', '118');
INSERT INTO `answer_tb` VALUES ('371', '目前有对象', '结果', '', '工作事业运\n现在的工作真是越来越两极化了，要么是忙得吐不过气来，压力与日俱增，要么就是闲得发慌，日子不经意间就滑过了手指，而目前为止，似乎在工作之中仍然一无所得的你，难免会有抱怨，会有怨气。如果能够当成一种乐趣，那么工作运也会随着你心态的改变而变得十分顺利，如果想跳槽，也一定可以谋到一个好职位，如果呆着不动，就等着被上司看中，升职加薪吧。', '2020-01-18 15:31:15', '118');
INSERT INTO `answer_tb` VALUES ('372', '香水', '结果', '', '各种贵人运\n其实所谓贵人，表现起来莫过来可以带你走出困境的，有时候表现为直接伸出手来拉你一把，有时候是在某个地方帮你挡了一刀，甚至别人的一句话，点拔了你，这也算得上是你的贵人。如果你不是一个一意孤行的人，在做任何事情之前都考虑一下别人的意见，多去向一些前辈元老咨询，那么在这个年底，你将会获得许多贵人的帮助。', '2020-01-18 15:31:15', '119');
INSERT INTO `answer_tb` VALUES ('373', '服饰', '结果', '', '投资理财运\n平时花钱有些大手大脚的你，比较倾向于钱是赚出来的不是省出来的，因此，你也比较注重投资理财。年底到来，你当然不会错过各种投资理财的机会。因为不用怀疑，投资回报的时候到了，今年年底，你将会有很好的机会收获一些投资方面的财富，即使实际收获比理想中的要少一些，这也足够使你振奋的了，毕竟你也是稳扎稳打，见好就收的人。', '2020-01-18 15:31:15', '119');
INSERT INTO `answer_tb` VALUES ('374', '手机', '结果', '', '桃花姻缘运\n年底前，你的桃花其实会挺多，如果你愿意改变自己，先把自己打扮得美美的，帅帅的，没有人会拒绝你的魅力。就算没有遇到正桃花，至少异性缘会大大增加，这些都需要自己的改变，如果时常露出笑容，而不是一直愁眉苦脸，你的个人魅力也将会大大增加。其实不管怎么样，一定要相信自己，自己是很有魅力的一个人，有自信的人最美。', '2020-01-18 15:31:15', '119');
INSERT INTO `answer_tb` VALUES ('375', '家人', '结果', '', '学习考试运\n有的人考试运极其旺盛，不会的题目连蒙带猜也能中标，有的人则相反。对你来说，你是比较脚踏实地的，考试运并不见得有多好，所以更加会努力去学习奋斗，这种扎实的态度也使得你在年底，考试运反而会暴增，其实不用怀疑，这都是你勤奋努力，天也来相助的结果，并非是不劳而获。', '2020-01-18 15:31:15', '120');
INSERT INTO `answer_tb` VALUES ('376', '前辈老师', '结果', '', '各种贵人运\n其实所谓贵人，表现起来莫过来可以带你走出困境的，有时候表现为直接伸出手来拉你一把，有时候是在某个地方帮你挡了一刀，甚至别人的一句话，点拔了你，这也算得上是你的贵人。如果你不是一个一意孤行的人，在做任何事情之前都考虑一下别人的意见，多去向一些前辈元老咨询，那么在这个年底，你将会获得许多贵人的帮助。', '2020-01-18 15:31:15', '120');
INSERT INTO `answer_tb` VALUES ('377', '好朋友', '结果', '', '投资理财运\n平时花钱有些大手大脚的你，比较倾向于钱是赚出来的不是省出来的，因此，你也比较注重投资理财。年底到来，你当然不会错过各种投资理财的机会。因为不用怀疑，投资回报的时候到了，今年年底，你将会有很好的机会收获一些投资方面的财富，即使实际收获比理想中的要少一些，这也足够使你振奋的了，毕竟你也是稳扎稳打，见好就收的人。', '2020-01-18 15:31:15', '120');
INSERT INTO `answer_tb` VALUES ('378', '水果', '结果', '', '平档次。当然不是中产阶级的那个中产档次，而是一种平平淡淡的生活，过的是平平凡凡的日子。你一定会很不高兴啦，但是如果你能在平平淡淡的日子也可以过得很开心，人生又何尝不是一种成功呢?有的时候，人不要把自己定得太高，否则得不到的时候，痛苦会加倍。好在你本身就是一个知足常乐的人，三年之后，过着，平档次的生活，钱嘛，一般般，不多但够用，烦恼的事情不会有，其实也蛮适合自己的。', '2020-01-18 15:30:33', '121');
INSERT INTO `answer_tb` VALUES ('379', '求婚戒指', '结果', '', '没有档次。欲望无止境，月薪入了五千想要上万，上万了又想要上十万。你也是众多追求者中的一员。你可能之前认为自己是知足的人吧，但事实证明了你不是一个适足的人。所以你一直在追求着，可是又往往追求不到，最后自己的档次也不知道究竟应该怎么定位。但是至少三年之后，你的档次基本上是不成形的。未来会变得什么样子，还是要看你自己的运气和造化啦。', '2020-01-18 15:30:33', '121');
INSERT INTO `answer_tb` VALUES ('380', '鲜花', '结果', '', '高档次。三年后的你，一定会过上高档次的生活。有的人总是一门心思攀高枝，想过上豪门的生活，当然你不是这样的人。你觉得自己就是一个小老百姓，能在自己的努力范围之内，让自己过上幸福快乐的日子，也就足够了。正是因为你的心态是好的，所以老天反而会特别照顾你这种人。你的努力不会白费，相反还真的有可能会过上高档次的生活哦。', '2020-01-18 15:30:33', '121');
INSERT INTO `answer_tb` VALUES ('381', '食物', '结果', '', '中档次。你是一个比较看得清现实的人，三年后的你，可能大部分的时间，生活都论不上档次。不过这也不要紧，你尽自己最大努力，去朝着有钱的方向努力，最后一定会有所收获的，就算没有办法过上超高档次的生活，至少你的档次也不会太低。中产阶级小资情调的生活，你还是能手到擒来的。你偶尔你也可以享受一下有档次的生活的。', '2020-01-18 15:30:33', '121');
INSERT INTO `answer_tb` VALUES ('382', '“哪里，只是个便宜货啦!”谦虚地回答', '结果', '', '你是个很有心计的人。你的内心世界很复杂，别人很难从你的外表探到你的内心。你同事是个很理智的人，不会为了“脸面”之事而浪费钱财。你的衣着及生活用品，均依照你自己的喜好而定，从不顾及别人的评论。', '2020-01-18 15:30:00', '122');
INSERT INTO `answer_tb` VALUES ('383', '“真识货，整个可是名牌……”顺手把手表的所有功能炫耀出来', '结果', '', '典型的“死要面子活受罪”。你会为了外在的东西花掉所有的钱。你是个爱慕虚荣的人，物质欲高于你的精神欲。你可千万要改掉这个毛病，免得别人说你庸俗。', '2020-01-18 15:30:00', '122');
INSERT INTO `answer_tb` VALUES ('384', '“是吗?谢谢哦!”显出高兴的样子', '结果', '', '你是个崇尚自然、简约单纯的人。你有一颗晶莹剔透的心，谁选了你作为恋人或者生意伙伴的话，会是个幸运的人。你不会乱花钱，也不会追逐时尚而浪费。', '2020-01-18 15:30:00', '122');
INSERT INTO `answer_tb` VALUES ('385', '“你也有只漂亮的表，不是吗?”赞美别人时再一次趁机赞美自己的手表', '结果', '', '你的自尊心显得强了一些，但你是个随各、有人缘的人。你会有很多的人际关系，在工作、事业上也会有所发展。但如果你坚定地选择了这个答案的话，说不定你有自尊心与自卑同样强烈的性格特征哦。', '2020-01-18 15:30:00', '122');
INSERT INTO `answer_tb` VALUES ('386', '骆驼', '结果', '', '骆驼\n代表你对目前的生活状态并不满意，却又不知从何处开始改变。所以，希望寻求一种简单的方式。可是，聪明的你有没有想过，在沙漠那样恶劣的环境下，即使有骆驼帮你减轻负担，又何时能走得出去呢?所以，我劝你寻求捷径不如调整心态更为合适!', '2020-01-18 15:29:13', '123');
INSERT INTO `answer_tb` VALUES ('387', '水源', '结果', '', '水源\n代表你对目前的生活状态比较满意!要知道，水源在沙漠是何等珍贵呀!拥有了优质的水源，不管是什么样的沙漠，似乎都变的不那么可怕了!而你现在的生活状态就是这样，虽然生活并不是处处完美，但你懂得在不完美中寻找快乐，开朗乐观的你对现状一样乐观!', '2020-01-18 15:29:13', '123');
INSERT INTO `answer_tb` VALUES ('388', '充足的粮食', '结果', '', '充足的粮食\n代表你对目前的生状态活忧喜掺半，人没有粮食就不能生活，可是那是在普通的环境里，沙漠中光有粮食似乎并不会生存太久!你明白目前自己生活中缺少的是什么，为何不去努力争取呢!有时候，抱怨是解决不了什么问题的!', '2020-01-18 15:29:13', '123');
INSERT INTO `answer_tb` VALUES ('389', '帮助走出沙漠的地图或指南针', '结果', '', '帮助走出沙漠的地图或指南针\n代表你对目前的生活状态很满意!虽然沙漠环境恶劣，但是你能够积极的去摆脱这种困境，说明你对生活的态度很明朗!能够拥有这样的心态，相信应该没有什么事情能难倒你才对吧!记得保持这样的积极的心态，什么难题都会迎刃而解的!', '2020-01-18 15:29:13', '123');
INSERT INTO `answer_tb` VALUES ('390', '圣伯纳亚犬', '结果', '', '圣伯纳亚犬\n喜欢体型庞大但个性温和的圣伯纳狗，通常也都是好好先生(小姐)。你的个性乐观进取、注重自然的生活品位、关心周遭人群是他们的特性。', '2020-01-18 15:29:26', '124');
INSERT INTO `answer_tb` VALUES ('391', '贵宾狗或博美狗', '结果', '', '贵宾狗或博美狗\n喜欢小形装饰犬的人通常是寂寞空虚的单身女性，或膝下无子的夫妇。你们喜欢将小狗当作是自己的子女，让它们睡在主卧室，和主人一起逛街、游戏、吃饭。', '2020-01-18 15:29:26', '124');
INSERT INTO `answer_tb` VALUES ('392', '土狗', '结果', '', '土狗\n温柔、敦厚、富有同情心是这类型的人的特点。你们不以饲养名犬为乐，而只要一只不起眼却忠心敦厚的杂种狗相伴。它们是社会中最平易近人、最优亲合力的族群。', '2020-01-18 15:29:26', '124');
INSERT INTO `answer_tb` VALUES ('393', '狼或警犬', '结果', '', '狼或警犬\n精力充沛、虎视眈眈、积极进取是警犬的特征，若是你喜欢这种狗，多是高级知识分子，亦是社会的精英族群，如律师、医生、企业家等等。', '2020-01-18 15:29:26', '124');
INSERT INTO `answer_tb` VALUES ('394', '牛头犬', '结果', '', '牛头犬\n喜欢外形丑陋的狗，多属钻营功名利禄的人，你们常常怨天尤人，不甘于平凡。这类型的女性，对自己的外表、美丽多半缺乏信心，渴望别人主动向她示好。', '2020-01-18 15:29:26', '124');
INSERT INTO `answer_tb` VALUES ('395', '姿态美丽的珊瑚', '结果', '', '姿态美丽的珊瑚\n珊瑚是无法自由的海洋生物，选择珊瑚的你缺乏行动力，常常是说得多，做得少以及举棋不定，内心十分渴望他人的关心与照顾，有恋母情节的倾向。虽然你的外表看起来还蛮成熟的，但是你的心理年龄可能还停留在小学阶段。', '2020-01-18 15:29:20', '125');
INSERT INTO `answer_tb` VALUES ('396', '独立游动的海蛇', '结果', '', '独立游动的海蛇\n海蛇属于独立活动的生物，选择海蛇的你是属于那种个性坚韧不拔、不达目的决不罢休，并且凡事都有主见的类型。由于你天生具有强烈的使命感，无论大小事，都会尽量全力以赴，所以能够得到周围人的信任。但是，你也很容易局限于自我认知的范围中，对于他人的意见，不大容易听得进去。你的心理年龄处于比你的实际年龄更加成熟的阶段。', '2020-01-18 15:29:20', '125');
INSERT INTO `answer_tb` VALUES ('397', '两条优雅鲜艳的热带鱼', '结果', '', '两条优雅鲜艳的热带鱼\n选择两条热带鱼，代表你具有强烈的责任感和企图心，生活起居方面都非常独立自主。此外，你在职场上，通常都会有不错的表现，颇得上司与同事们的喜爱。总的来说，你是属于成熟稳重类型的人，心理年龄蛮符合你的实际年龄。但是，在你的爱人面前，有时却会表现出柔弱、需要受到照顾的举止。', '2020-01-18 15:29:21', '125');
INSERT INTO `answer_tb` VALUES ('398', '自由自在畅游的鱼群', '结果', '', '自由自在畅游的鱼群\n选择集体活动的鱼群，代表你害怕寂寞，很不喜欢一个人独处。不论大小事，你总是需要与亲朋好友讨论，才能做出决定。亲朋好友是你生活上最大支柱，你的心理年龄不太高哟!你依旧处于比实际年龄要年轻的阶段。', '2020-01-18 15:29:21', '125');

-- ----------------------------
-- Table structure for `problem_tb`
-- ----------------------------
DROP TABLE IF EXISTS `problem_tb`;
CREATE TABLE `problem_tb` (
  `problem_id` int(11) NOT NULL AUTO_INCREMENT COMMENT 'problemid',
  `name` varchar(255) DEFAULT NULL COMMENT '名称',
  `type` varchar(255) DEFAULT NULL COMMENT '类型',
  `img` varchar(255) DEFAULT NULL COMMENT '图片url',
  `order_number` int(11) DEFAULT NULL COMMENT '问题序号',
  `update_date` datetime DEFAULT NULL COMMENT '更新日期',
  `test_id` int(11) DEFAULT NULL COMMENT '测试id外键',
  PRIMARY KEY (`problem_id`),
  KEY `idx_test_id` (`test_id`) USING BTREE,
  CONSTRAINT `FK_TEST_PROBLEM` FOREIGN KEY (`test_id`) REFERENCES `test_tb` (`test_id`)
) ENGINE=InnoDB AUTO_INCREMENT=126 DEFAULT CHARSET=utf8 COMMENT='问题表';

-- ----------------------------
-- Records of problem_tb
-- ----------------------------
INSERT INTO `problem_tb` VALUES ('6', '请先设想一个对象，可能是情人，可能是伴侣，并在“终于再会”4字中，凭直觉选出其中1字。', '', '', '1', '2020-01-18 16:39:54', '8');
INSERT INTO `problem_tb` VALUES ('7', '如果你是鬼，当你最讨厌的人一个人在房间时，你会想怎么吓他?', '', '', '1', '2020-01-18 15:46:19', '9');
INSERT INTO `problem_tb` VALUES ('8', '你找东西的时候，经常要找很久?', '', '', '1', '2020-01-18 15:47:00', '10');
INSERT INTO `problem_tb` VALUES ('9', '买了个新的名牌包，你总是会装作无意中在别人面前说起?', '', '', '2', '2020-01-18 15:47:00', '10');
INSERT INTO `problem_tb` VALUES ('10', '你是个比较随性的人?', '', '', '3', '2020-01-18 15:47:00', '10');
INSERT INTO `problem_tb` VALUES ('11', '坐飞机的时候，你喜欢靠窗的位置?', '', '', '4', '2020-01-18 15:47:00', '10');
INSERT INTO `problem_tb` VALUES ('12', '之前的男朋友，你?', '', '', '5', '2020-01-18 15:47:00', '10');
INSERT INTO `problem_tb` VALUES ('13', '朋友常说你有点倔强?', '', '', '6', '2020-01-18 15:47:00', '10');
INSERT INTO `problem_tb` VALUES ('14', '出去旅行的话，你更喜欢?', '', '', '7', '2020-01-18 15:47:00', '10');
INSERT INTO `problem_tb` VALUES ('15', '觉得自己每天都要加班，但是却没觉得有什么成果?', '', '', '8', '2020-01-18 15:47:00', '10');
INSERT INTO `problem_tb` VALUES ('16', '不管在做什么，你会下意识唱起歌来?', '', '', '9', '2020-01-18 15:47:00', '10');
INSERT INTO `problem_tb` VALUES ('17', '当你不开心的时候，你不太会顾忌别人的感受吗?', '', '', '10', '2020-01-18 15:47:00', '10');
INSERT INTO `problem_tb` VALUES ('18', '和朋友在一起吃饭的时候，你很少主动结账?', '', '', '11', '2020-01-18 15:47:00', '10');
INSERT INTO `problem_tb` VALUES ('19', '晚上睡觉的时候，总希望能留点光，不然会有些害怕?', '', '', '12', '2020-01-18 15:47:00', '10');
INSERT INTO `problem_tb` VALUES ('20', '请问你是什么星座的呢？', '', '', '1', '2020-01-18 15:47:40', '11');
INSERT INTO `problem_tb` VALUES ('21', '你总是向朋友讨教赚钱的方法吗？', '', '', '1', '2020-01-18 16:01:35', '12');
INSERT INTO `problem_tb` VALUES ('22', '你是个有亲和力的人吗？', '', '', '2', '2020-01-18 16:01:35', '12');
INSERT INTO `problem_tb` VALUES ('23', '你周围的朋友并没有羡慕你找到了优秀的男友吗？', '', '', '3', '2020-01-18 16:01:35', '12');
INSERT INTO `problem_tb` VALUES ('24', '他从未送过你昂贵的礼物吗？', '', '', '4', '2020-01-18 16:01:35', '12');
INSERT INTO `problem_tb` VALUES ('25', '你的条件并不是周遭同性朋友中最优秀的吗？', '', '', '5', '2020-01-18 16:01:35', '12');
INSERT INTO `problem_tb` VALUES ('26', '你拥有很多追求者吗？', '', '', '6', '2020-01-18 16:01:35', '12');
INSERT INTO `problem_tb` VALUES ('27', '你觉得下面什么礼物更有意义？', '', '', '7', '2020-01-18 16:01:35', '12');
INSERT INTO `problem_tb` VALUES ('28', '过节的时候，你会特别不愿意独自在家吗？', '', '', '8', '2020-01-18 16:01:35', '12');
INSERT INTO `problem_tb` VALUES ('29', '你的QQ总会保持隐身状态吗？', '', '', '9', '2020-01-18 16:01:35', '12');
INSERT INTO `problem_tb` VALUES ('30', '你并不认为喜欢赚钱是一件可耻的事情吗？', '', '', '10', '2020-01-18 16:01:35', '12');
INSERT INTO `problem_tb` VALUES ('31', '对复古的东西有一种特殊的情愫吗？', '', '', '1', '2020-01-18 16:02:56', '13');
INSERT INTO `problem_tb` VALUES ('32', '总是嫌自己话太多，说错话吗？', '', '', '2', '2020-01-18 16:02:56', '13');
INSERT INTO `problem_tb` VALUES ('33', '常常会提醒自己不要表现的太傲娇吗？', '', '', '3', '2020-01-18 16:02:56', '13');
INSERT INTO `problem_tb` VALUES ('34', '认为某些边缘职业是比较的值得被同情吗？', '', '', '4', '2020-01-18 16:02:56', '13');
INSERT INTO `problem_tb` VALUES ('35', '能够轻易原谅自己的错误吗？', '', '', '5', '2020-01-18 16:02:56', '13');
INSERT INTO `problem_tb` VALUES ('36', '觉得自己是个勤劳的人吗？', '', '', '6', '2020-01-18 16:02:56', '13');
INSERT INTO `problem_tb` VALUES ('37', '别人聊天的时候忍不住会插嘴吗？', '', '', '7', '2020-01-18 16:02:56', '13');
INSERT INTO `problem_tb` VALUES ('38', '听到别人说有趣的话题会竖起耳朵来倾听吗？', '', '', '8', '2020-01-18 16:02:56', '13');
INSERT INTO `problem_tb` VALUES ('39', '认为打扮考究的人不太好接近吗？', '', '', '9', '2020-01-18 16:02:56', '13');
INSERT INTO `problem_tb` VALUES ('40', '相信伸手不打笑脸人的道理吗？', '', '', '10', '2020-01-18 16:02:56', '13');
INSERT INTO `problem_tb` VALUES ('41', '你旧时的恋人电话给你，你接不接？', '', '', '1', '2020-01-18 16:38:19', '14');
INSERT INTO `problem_tb` VALUES ('42', '喜欢睡怎样的床？', '', '', '2', '2020-01-18 16:38:19', '14');
INSERT INTO `problem_tb` VALUES ('43', '经常听的歌曲里面会有很多过去的回忆吗？', '', '', '3', '2020-01-18 16:38:19', '14');
INSERT INTO `problem_tb` VALUES ('44', '你有上闹钟的习惯吗？', '', '', '4', '2020-01-18 16:38:19', '14');
INSERT INTO `problem_tb` VALUES ('45', '最近一次看电影是怎样的？', '', '', '5', '2020-01-18 16:38:20', '14');
INSERT INTO `problem_tb` VALUES ('46', '手机铃声属于哪个类型？', '', '', '6', '2020-01-18 16:38:20', '14');
INSERT INTO `problem_tb` VALUES ('47', '伤心的时候喜欢怎样？', '', '', '7', '2020-01-18 16:38:20', '14');
INSERT INTO `problem_tb` VALUES ('48', '如果中奖可以挑选，你会选择以下哪种奖品？', '', '', '8', '2020-01-18 16:38:20', '14');
INSERT INTO `problem_tb` VALUES ('53', '假设你想送恋人一条领带，你会选择送出怎样的领带呢?', '', '', '1', '2020-01-18 16:39:43', '18');
INSERT INTO `problem_tb` VALUES ('54', '你是哪个星座，测测看你在几岁结婚？', '', '', '1', '2020-01-18 16:39:32', '19');
INSERT INTO `problem_tb` VALUES ('55', '平时买内衣，喜欢挑什么颜色的呢？或者看看你的衣柜，什么颜色的内衣最多呢？', '', '', '1', '2020-01-18 16:39:17', '20');
INSERT INTO `problem_tb` VALUES ('56', '请问你的星座是：', '', '', '1', '2020-01-18 16:07:57', '21');
INSERT INTO `problem_tb` VALUES ('57', '测字其实也是一种卜卦，请依照现在的直觉选那一字，来预测一下有没有人最近在暗恋自己。 今天就以“实、在、难、说”四字中任选一字，测一下自己被暗恋的状况？', '', '', '1', '2020-01-18 16:38:58', '22');
INSERT INTO `problem_tb` VALUES ('58', '选择一个你最喜欢的颜色组合', '', '', '1', '2020-01-18 16:38:40', '23');
INSERT INTO `problem_tb` VALUES ('59', '若你与情人驾车（或乘车）到市外郊游，经过颇长时间的车程到达目的地之后，你发现早晨出门时的打扮已有些凌乱，这时你会如何处理呢？', '', '', '1', '2020-01-18 16:38:31', '24');
INSERT INTO `problem_tb` VALUES ('60', '如果一不小心，你同时弄伤了同一只的五根手指，但你只有一个创可贴，你会先贴上哪个手指呢？', '', '', '1', '2020-01-18 16:12:33', '25');
INSERT INTO `problem_tb` VALUES ('61', '你的生日是几月份：', '', '', '1', '2020-01-18 16:11:01', '26');
INSERT INTO `problem_tb` VALUES ('62', '你觉得你的爱人最不能缺少的东西是什么？', '', '', '1', '2020-01-18 16:07:30', '27');
INSERT INTO `problem_tb` VALUES ('63', '遇到蚊子你会怎么做?', '', '', '1', '2020-01-18 16:08:15', '28');
INSERT INTO `problem_tb` VALUES ('64', '如果你误闯一间黑店，老板端出五杯饮料，其中只有一杯是没有毒的，剩下的四杯有毒，你直觉哪一杯不会被下毒?', '', '', '1', '2020-01-18 16:08:07', '29');
INSERT INTO `problem_tb` VALUES ('65', '对明星卸妆前后的照片总是很有兴趣吗？', '', '', '1', '2020-01-18 15:57:56', '30');
INSERT INTO `problem_tb` VALUES ('66', '认为自己比三年前更成熟了吗？', '', '', '2', '2020-01-18 15:57:56', '30');
INSERT INTO `problem_tb` VALUES ('67', '觉得动不动就跟别人讲大道理的人很弱吗？', '', '', '3', '2020-01-18 15:57:56', '30');
INSERT INTO `problem_tb` VALUES ('68', '讨厌春节的时候人太拥挤的状况吗？', '', '', '4', '2020-01-18 15:57:56', '30');
INSERT INTO `problem_tb` VALUES ('69', '觉得生活应该比现在更简单一些吗？', '', '', '5', '2020-01-18 15:57:56', '30');
INSERT INTO `problem_tb` VALUES ('70', '一个人的时候也不会觉得特别孤单吗？', '', '', '6', '2020-01-18 15:57:56', '30');
INSERT INTO `problem_tb` VALUES ('71', '不认为自己的抵抗力很差劲吗？', '', '', '7', '2020-01-18 15:57:56', '30');
INSERT INTO `problem_tb` VALUES ('72', '不喜欢被人盯着看，非常不喜欢吗？', '', '', '8', '2020-01-18 15:57:56', '30');
INSERT INTO `problem_tb` VALUES ('73', '很喜欢边吃零食边上网吗？', '', '', '9', '2020-01-18 15:57:56', '30');
INSERT INTO `problem_tb` VALUES ('74', '几乎不会花钱做无谓的事情吗？', '', '', '10', '2020-01-18 15:57:56', '30');
INSERT INTO `problem_tb` VALUES ('75', '感情总给你一种很难控制的感觉吗？', '', '', '1', '2020-01-18 15:55:05', '31');
INSERT INTO `problem_tb` VALUES ('76', '如果现在你发现自己所做的某些事情，成为了别人能够抓住的把柄，会很担忧吗？', '', '', '2', '2020-01-18 15:55:05', '31');
INSERT INTO `problem_tb` VALUES ('77', '当你发现银行卡上忽然多出一笔钱来，更多的是担心，而不是开心吗？', '', '', '3', '2020-01-18 15:55:05', '31');
INSERT INTO `problem_tb` VALUES ('78', '你觉得自己能够做到珍惜他人的劳动成果吗？', '', '', '4', '2020-01-18 15:55:05', '31');
INSERT INTO `problem_tb` VALUES ('79', '发现身边的人生活条件都很好，心里会不是滋味吗？', '', '', '5', '2020-01-18 15:55:05', '31');
INSERT INTO `problem_tb` VALUES ('80', '看到绿油油的草地，心情会瞬间好起来吗？', '', '', '6', '2020-01-18 15:55:05', '31');
INSERT INTO `problem_tb` VALUES ('81', '海洋会给你一种很宽阔，心情很爽快的感觉吗？', '', '', '7', '2020-01-18 15:55:05', '31');
INSERT INTO `problem_tb` VALUES ('82', '喜欢做一些手工制品吗？', '', '', '8', '2020-01-18 15:55:05', '31');
INSERT INTO `problem_tb` VALUES ('83', '并不觉得目前的生活充满烦恼吗？', '', '', '9', '2020-01-18 15:55:05', '31');
INSERT INTO `problem_tb` VALUES ('84', '其实未来怎么样也并不在意，在意的是眼前吗？', '', '', '10', '2020-01-18 15:55:05', '31');
INSERT INTO `problem_tb` VALUES ('85', '在英国定居多年的老友回国，想尽地主之谊的你决定请他吃一顿。你会选择那种餐厅？', '', '', '1', '2020-01-18 15:53:43', '32');
INSERT INTO `problem_tb` VALUES ('86', '在你网购的全部订单中，待发货+待收货+待评价的总数是多少？', '', '', '1', '2020-01-18 15:44:03', '33');
INSERT INTO `problem_tb` VALUES ('97', '想象你的某个梦境中，魔法师交给你一个锡盒，对你说：“这个盒子里装了一个会阻碍你发财的东西，你绝对不能打开它，也不可以对别人提起！”那么你会将它藏在哪里呢？', '', '', '1', '2020-01-18 15:49:36', '35');
INSERT INTO `problem_tb` VALUES ('98', '下面几种菜，用来做招财物，你会选择什么菜', '', '', '1', '2020-01-18 15:51:00', '36');
INSERT INTO `problem_tb` VALUES ('100', '假设你有十个空的啤酒瓶子，三个空瓶子可以换得一瓶啤酒，那么算一算，你最多可以喝到几瓶啤酒呢？', '', '', '1', '2020-01-18 16:07:46', '38');
INSERT INTO `problem_tb` VALUES ('101', '天空突然下起大雨，但你没有带雨伞，在一个公车亭避雨。突然也来了一个要避雨的人，你觉得他是?', '', '', '1', '2020-01-18 15:36:03', '39');
INSERT INTO `problem_tb` VALUES ('102', '如果你的恋人告诉你,Ta不喜欢吃西瓜,你本能得觉得Ta的理由是什么', '', '', '1', '2020-01-18 15:34:24', '40');
INSERT INTO `problem_tb` VALUES ('103', '假设你在某派对上看到一个帅气的男人，对方似乎也注意到你。他迎面向你走来，此时你害羞低头，目光正好落在他的鞋子上。你觉得他穿了一双怎样的鞋子?', '', '', '1', '2020-01-18 15:56:01', '41');
INSERT INTO `problem_tb` VALUES ('104', '你认同一个人单身太久之后，会习惯这种单身的日子吗?', '', '', '1', '2020-01-18 15:31:15', '42');
INSERT INTO `problem_tb` VALUES ('105', '明知道有很多事情要做，可是你是事情越多越不想做吗?', '', '', '2', '2020-01-18 15:31:15', '42');
INSERT INTO `problem_tb` VALUES ('106', '你经常怀疑这个世界是跟你作对的吗?', '', '', '3', '2020-01-18 15:31:15', '42');
INSERT INTO `problem_tb` VALUES ('107', '下列几种类型的书籍中，你更喜欢看哪一种?', '', '', '4', '2020-01-18 15:31:15', '42');
INSERT INTO `problem_tb` VALUES ('108', '如果有机会让你投胎，你会做一个男人还是女人?', '', '', '5', '2020-01-18 15:31:15', '42');
INSERT INTO `problem_tb` VALUES ('109', '心情郁闷的时候，你会去哪种场景中喝酒?', '', '', '6', '2020-01-18 15:31:15', '42');
INSERT INTO `problem_tb` VALUES ('110', '你觉得一般情况下，你的衰气造成的原因是?', '', '', '7', '2020-01-18 15:31:15', '42');
INSERT INTO `problem_tb` VALUES ('111', '今年过去的日子中，你是开心多还是不开心多?', '', '', '8', '2020-01-18 15:31:15', '42');
INSERT INTO `problem_tb` VALUES ('112', '你是一个很容易就放弃掉的人吗?', '', '', '9', '2020-01-18 15:31:15', '42');
INSERT INTO `problem_tb` VALUES ('113', '你做事情常常会依赖于直觉吗?', '', '', '10', '2020-01-18 15:31:15', '42');
INSERT INTO `problem_tb` VALUES ('114', '如果你是一只猫，你会在哪种场景中睡觉?', '', '', '11', '2020-01-18 15:31:15', '42');
INSERT INTO `problem_tb` VALUES ('115', '看电影你经常会随大众，哪部热门就看哪部而没有自己的选择吗?', '', '', '12', '2020-01-18 15:31:15', '42');
INSERT INTO `problem_tb` VALUES ('116', '在朋友之中，你是个搞气氛的人吗?', '', '', '13', '2020-01-18 15:31:15', '42');
INSERT INTO `problem_tb` VALUES ('117', '你现在会有去关注投资理财方面吗?', '', '', '14', '2020-01-18 15:31:15', '42');
INSERT INTO `problem_tb` VALUES ('118', '目前家人会因为你没有对象而催你吗?', '', '', '15', '2020-01-18 15:31:15', '42');
INSERT INTO `problem_tb` VALUES ('119', '喜欢的人与你约会，并要送你一份礼物，你觉得最好是什么?', '', '', '16', '2020-01-18 15:31:15', '42');
INSERT INTO `problem_tb` VALUES ('120', '在觉得迷茫的时候，你经常会咨询的人通常是?', '', '', '17', '2020-01-18 15:31:15', '42');
INSERT INTO `problem_tb` VALUES ('121', '你生病住院了，你最希望恋人拿什么来看你?', '', '', '1', '2020-01-18 15:30:33', '43');
INSERT INTO `problem_tb` VALUES ('122', '别人赞美你的手表时，你通常的反应是什么?', '', '', '1', '2020-01-18 15:30:00', '44');
INSERT INTO `problem_tb` VALUES ('123', '假设你在沙漠恶劣的环境中生活了多日，觉得十分辛苦。那么，请你在以下物品中，选择你觉得最需要得到的东西?', '', '', '1', '2020-01-18 15:29:13', '45');
INSERT INTO `problem_tb` VALUES ('124', '如果让你选择养一种宠物，下面有五种狗，你会选择哪个品种?', '', '', '1', '2020-01-18 15:29:26', '46');
INSERT INTO `problem_tb` VALUES ('125', '如果让你变成某种水生动物，以下类型动物中，你会愿意变成什么?', '', '', '1', '2020-01-18 15:29:20', '47');

-- ----------------------------
-- Table structure for `test_tb`
-- ----------------------------
DROP TABLE IF EXISTS `test_tb`;
CREATE TABLE `test_tb` (
  `test_id` int(11) NOT NULL AUTO_INCREMENT COMMENT 'testid',
  `title` varchar(255) DEFAULT NULL COMMENT '标题',
  `type` varchar(255) DEFAULT NULL COMMENT '类型',
  `level` int(11) DEFAULT NULL COMMENT '等级',
  `img` varchar(255) DEFAULT NULL COMMENT '图片url',
  `update_date` datetime DEFAULT NULL COMMENT '更新日期',
  PRIMARY KEY (`test_id`)
) ENGINE=InnoDB AUTO_INCREMENT=48 DEFAULT CHARSET=utf8 COMMENT='测试表';

-- ----------------------------
-- Records of test_tb
-- ----------------------------
INSERT INTO `test_tb` VALUES ('8', '现在的感情你能维持多久？超准的！', '爱情测试', '1', 'https://ss1.bdstatic.com/70cFuXSh_Q1YnxGkpoWK1HF6hhy/it/u=1141933279,2567555188&fm=26&gp=0.jpg', '2020-01-18 16:39:54');
INSERT INTO `test_tb` VALUES ('9', '你为什么找不到另一半?', '爱情测试', '2', 'https://timgsa.baidu.com/timg?image&quality=80&size=b9999_10000&sec=1579343644917&di=91dfe22ac24badc951b7137305b736b0&imgtype=0&src=http%3A%2F%2Fwww.17qq.com%2Fimg_qqtouxiang%2F84190437.jpeg', '2020-01-18 15:46:19');
INSERT INTO `test_tb` VALUES ('10', '职场人格测试', '职场测试', '2', 'http://www.findoout.cn/attached/20160105155435_0343.jpg', '2020-01-18 15:47:00');
INSERT INTO `test_tb` VALUES ('11', '你会错过哪个星座的真爱？', '星座测试', '2', 'https://ss1.bdstatic.com/70cFuXSh_Q1YnxGkpoWK1HF6hhy/it/u=4284914304,1063459413&fm=26&gp=0.jpg', '2020-01-18 15:47:40');
INSERT INTO `test_tb` VALUES ('12', '提升身价你适合什么样的方法？', '财运测试', '2', 'https://timgsa.baidu.com/timg?image&quality=80&size=b9999_10000&sec=1579347031228&di=baf8188d0f6b05c7f6d7c749f614699d&imgtype=0&src=http%3A%2F%2Fdingyue.nosdn.127.net%2FKk5uvhFe89kyhpGdmM4vdF0C36n1YlLkspM9ku55PgSxt1552858091951.jpeg', '2020-01-18 16:01:35');
INSERT INTO `test_tb` VALUES ('13', '初见时冷漠，测你难接近的指数', '性格测试', '2', 'https://ss0.bdstatic.com/70cFuHSh_Q1YnxGkpoWK1HF6hhy/it/u=4076973625,1417661377&fm=26&gp=0.jpg', '2020-01-18 16:02:56');
INSERT INTO `test_tb` VALUES ('14', '测你最假的一面是什么？', '社交测试', '2', 'https://timgsa.baidu.com/timg?image&quality=80&size=b9999_10000&sec=1579346685676&di=f1aa535fcb63dd613fde524502f2dfbe&imgtype=0&src=http%3A%2F%2Fe.hiphotos.baidu.com%2Fvideo%2Fpic%2Fitem%2Fd000baa1cd11728b506f1c0dc2fcc3cec3fd2c5a.jpg', '2020-01-18 16:38:19');
INSERT INTO `test_tb` VALUES ('18', '遇上就倒霉！你该躲开哪个星座？', '星座测试', '10', 'https://ss0.bdstatic.com/70cFvHSh_Q1YnxGkpoWK1HF6hhy/it/u=2299515726,736927620&fm=26&gp=0.jpg', '2020-01-18 16:39:43');
INSERT INTO `test_tb` VALUES ('19', '自己在哪个年龄段的结婚欲望比较强烈', '星座测试', '10', 'https://timgsa.baidu.com/timg?image&quality=80&size=b9999_10000&sec=1579346603017&di=9ecd98911035ed62cb18d2240737ce63&imgtype=0&src=http%3A%2F%2Fimg2.weixinqun.com%2F20171206%2F37%2Fdd1a0d173d04305185ef15b9aeedea2c.jpeg', '2020-01-18 16:39:32');
INSERT INTO `test_tb` VALUES ('20', '从女性内衣颜色测性格', '星座测试', '10', 'https://ss0.bdstatic.com/70cFvHSh_Q1YnxGkpoWK1HF6hhy/it/u=2874134826,4252756018&fm=26&gp=0.jpg', '2020-01-18 16:39:17');
INSERT INTO `test_tb` VALUES ('21', '12星座摆脱单身的爱情秘方', '爱情测试', '10', 'https://timgsa.baidu.com/timg?image&quality=80&size=b9999_10000&sec=1579344762482&di=2973f9817855cd01e831388bb1b1dfa7&imgtype=0&src=http%3A%2F%2Fwww.ygc520.com%2Fuploads%2Fallimg%2F16%2F1-16122ZI122.jpg', '2020-01-18 16:07:57');
INSERT INTO `test_tb` VALUES ('22', '测一测有人在暗恋你吗', '爱情测试', '10', 'https://ss3.bdstatic.com/70cFv8Sh_Q1YnxGkpoWK1HF6hhy/it/u=1669702434,2728554523&fm=26&gp=0.jpg', '2020-01-18 16:38:58');
INSERT INTO `test_tb` VALUES ('23', '选颜色看你最近有没有新恋情', '爱情测试', '10', 'https://ss2.bdstatic.com/70cFvnSh_Q1YnxGkpoWK1HF6hhy/it/u=109404402,2910458978&fm=26&gp=0.jpg', '2020-01-18 16:38:40');
INSERT INTO `test_tb` VALUES ('24', '测试你的出轨外遇几率有多高', '爱情测试', '10', 'https://ss0.bdstatic.com/70cFuHSh_Q1YnxGkpoWK1HF6hhy/it/u=2299822431,1352605441&fm=26&gp=0.jpg', '2020-01-18 16:38:31');
INSERT INTO `test_tb` VALUES ('25', '五根手指测试你的爱情', '爱情测试', '10', 'https://ss1.bdstatic.com/70cFuXSh_Q1YnxGkpoWK1HF6hhy/it/u=4222215229,1064410142&fm=26&gp=0.jpg', '2020-01-18 16:12:33');
INSERT INTO `test_tb` VALUES ('26', '根据你的生日测你命中注定的爱情走势', '爱情测试', '10', 'https://timgsa.baidu.com/timg?image&quality=80&size=b9999_10000&sec=1579345106138&di=8bc6a85f3ca2c6c35b3b82d4b3487c8f&imgtype=0&src=http%3A%2F%2Fwww.qqkubao.com%2Fuploadfile%2F2014%2F10%2F3%2F20141005024649689.jpg', '2020-01-18 16:11:01');
INSERT INTO `test_tb` VALUES ('27', '测试你的爱情观', '爱情测试', '10', 'https://ss1.bdstatic.com/70cFuXSh_Q1YnxGkpoWK1HF6hhy/it/u=4052839860,1773823209&fm=26&gp=0.jpg', '2020-01-18 16:07:30');
INSERT INTO `test_tb` VALUES ('28', '你能否hold得住野蛮女友', '爱情测试', '10', 'https://ss0.bdstatic.com/70cFuHSh_Q1YnxGkpoWK1HF6hhy/it/u=1630529106,3513438656&fm=26&gp=0.jpg', '2020-01-18 16:08:15');
INSERT INTO `test_tb` VALUES ('29', '你目前的感情状态幸福吗？', '爱情测试', '10', 'https://ss0.bdstatic.com/70cFvHSh_Q1YnxGkpoWK1HF6hhy/it/u=2903876502,462263484&fm=26&gp=0.jpg', '2020-01-18 16:08:07');
INSERT INTO `test_tb` VALUES ('30', '测一测你在2020年哪个季度运气最好', '财运测试', '10', 'https://img.d1xz.net/d/2018/09/5ba4a58ce208d.jpg?x-oss-process=image%2Fformat%2Cjpg%2Fquality%2Cq_80%2Finterlace%2C1', '2020-01-18 15:57:56');
INSERT INTO `test_tb` VALUES ('31', '2020年让你破财的窟窿是什么？', '财运测试', '10', 'http://rgb366.99166.com/UpLoadFile/UploadFile/2019818122719484.jpg', '2020-01-18 15:55:05');
INSERT INTO `test_tb` VALUES ('32', '你的一生注定是富贵命还是坎坷命', '财运测试', '10', 'https://ss1.bdstatic.com/70cFuXSh_Q1YnxGkpoWK1HF6hhy/it/u=2918668483,3824125604&fm=15&gp=0.jpg', '2020-01-18 15:53:43');
INSERT INTO `test_tb` VALUES ('33', '适合你的省钱方法是什么', '爱情测试', '10', 'http://5b0988e595225.cdn.sohucs.com/images/20171206/0ec10248c9bc419db787ca53c6bfa6a7.jpeg', '2020-01-18 15:44:03');
INSERT INTO `test_tb` VALUES ('35', '有钱你会失去什么？', '爱情测试', '10', 'https://ss1.bdstatic.com/70cFuXSh_Q1YnxGkpoWK1HF6hhy/it/u=1424734469,3953467708&fm=26&gp=0.jpg', '2020-01-18 15:49:36');
INSERT INTO `test_tb` VALUES ('36', '影响你财富的主要原因是什么', '爱情测试', '10', 'http://dingyue.ws.126.net/2019/06/10/ef29e61002334effb5b767bb8a5a0958.jpeg', '2020-01-18 15:51:00');
INSERT INTO `test_tb` VALUES ('38', '测壹发，看你有没有创业经商的头脑', '财运测试', '10', 'https://ss3.bdstatic.com/70cFv8Sh_Q1YnxGkpoWK1HF6hhy/it/u=2086089330,1923198411&fm=26&gp=0.jpg', '2020-01-18 16:07:46');
INSERT INTO `test_tb` VALUES ('39', '避雨测谁是你最佳的同居人', '爱情测试', '10', 'https://timgsa.baidu.com/timg?image&quality=80&size=b9999_10000&sec=1579343024162&di=87acaf2712022d6b03aa3dc369006f35&imgtype=0&src=http%3A%2F%2Fimg.tupianzj.com%2Fuploads%2Fallimg%2F161023%2F9-161023204621.jpg', '2020-01-18 15:36:03');
INSERT INTO `test_tb` VALUES ('40', '从吃西瓜看你有几分耐心', '性格测试', '10', 'http://rgb366.99166.com/UpLoadFile/UploadFile/2016719161538480.jpg', '2020-01-18 15:34:24');
INSERT INTO `test_tb` VALUES ('41', '2020你是否能找到适婚对象', '爱情测试', '10', 'http://5b0988e595225.cdn.sohucs.com/images/20190922/9ca7b790342a40b6be0a4c8c5e206f25.jpeg', '2020-01-18 15:56:01');
INSERT INTO `test_tb` VALUES ('42', '测年底前你的哪类好运指数暴增', '财运测试', '10', 'https://ss1.baidu.com/6ONXsjip0QIZ8tyhnq/it/u=1448410714,3555143024&fm=173&app=25&f=JPEG?w=640&h=640&s=2EA04187C2238AFD12D964B703003042', '2020-01-18 15:31:15');
INSERT INTO `test_tb` VALUES ('43', '三年后的你在过啥档次的生活', '财运测试', '10', 'https://ss1.bdstatic.com/70cFuXSh_Q1YnxGkpoWK1HF6hhy/it/u=1135226037,1289314262&fm=26&gp=0.jpg', '2020-01-18 15:30:33');
INSERT INTO `test_tb` VALUES ('44', '你是别人眼中的败家子和冤大头吗？', '社交测试', '10', 'https://p.d1xz.net/2015/6/24/171442364236.jpg?x-oss-process=image%2Fformat%2Cjpg%2Fquality%2Cq_80%2Finterlace%2C1', '2020-01-18 15:30:00');
INSERT INTO `test_tb` VALUES ('45', '现在的生活是否能让你知足', '爱情测试', '2', 'https://timgsa.baidu.com/timg?image&quality=80&size=b9999_10000&sec=1579346928373&di=532c0c13c959a392e2fe81bd877dc7a0&imgtype=0&src=http%3A%2F%2Fpic21.nipic.com%2F20120510%2F7593069_091202753000_2.jpg', '2020-01-18 15:29:13');
INSERT INTO `test_tb` VALUES ('46', '测试看你具备哪种萌宠属性', '性格测试', '10', 'http://rgb366.99166.com/UpLoadFile/UploadFile/201632311549282.jpg', '2020-01-18 15:29:26');
INSERT INTO `test_tb` VALUES ('47', '你的心理到底处于什么年龄段', '性格测试', '10', 'https://images.binzhouw.com/mYMenrMGFs.jpg', '2020-01-18 15:29:20');
